StartDate,EndDate,Status,IPAddress,Progress,Duration (in seconds),Finished,RecordedDate,ResponseId,RecipientLastName,RecipientFirstName,RecipientEmail,ExternalReference,LocationLatitude,LocationLongitude,DistributionChannel,UserLanguage,Consent,ProlificID,Comprehension_MC,Comprehension_slider_1,Timer_First Click,Timer_Last Click,Timer_Page Submit,Timer_Click Count,Comprehension_prior_1,7_(7;1)_200_1,Q48_First Click,Q48_Last Click,Q48_Page Submit,Q48_Click Count,7_(5;1)_200_1,Q49_First Click,Q49_Last Click,Q49_Page Submit,Q49_Click Count,7_(5;1)_320_1,Q52_First Click,Q52_Last Click,Q52_Page Submit,Q52_Click Count,7_(6;3)_200_1,Q68_First Click,Q68_Last Click,Q68_Page Submit,Q68_Click Count,7_(4;1)_200_1,Q53_First Click,Q53_Last Click,Q53_Page Submit,Q53_Click Count,10_(7;1)_200_1,Q55_First Click,Q55_Last Click,Q55_Page Submit,Q55_Click Count,10_(7;1)_500_1,Q82_First Click,Q82_Last Click,Q82_Page Submit,Q82_Click Count,10_(10;2)_320_1,Q57_First Click,Q57_Last Click,Q57_Page Submit,Q57_Click Count,10_(7;1)_320_1,Q59_First Click,Q59_Last Click,Q59_Page Submit,Q59_Click Count,10_(6;1)_320_1,Q61_First Click,Q61_Last Click,Q61_Page Submit,Q61_Click Count,10_(10;8)_320_1,Q63_First Click,Q63_Last Click,Q63_Page Submit,Q63_Click Count,15_(1;3)_320_1,Q66_First Click,Q66_Last Click,Q66_Page Submit,Q66_Click Count,15_(3;5)_320_1,Q67_First Click,Q67_Last Click,Q67_Page Submit,Q67_Click Count,15_(5;14)_320_1,Q69_First Click,Q69_Last Click,Q69_Page Submit,Q69_Click Count,15_(6;7)_320_1,Q70_First Click,Q70_Last Click,Q70_Page Submit,Q70_Click Count,15_(10;11)_320_1,Q71_First Click,Q71_Last Click,Q71_Page Submit,Q71_Click Count,15_(7;15)_320_1,Q73_First Click,Q73_Last Click,Q73_Page Submit,Q73_Click Count,15_(7;7)_320_1,Q74_First Click,Q74_Last Click,Q74_Page Submit,Q74_Click Count,15_(12;1)_320_1,Q75_First Click,Q75_Last Click,Q75_Page Submit,Q75_Click Count,15_(1;3)_160_1,Q77_First Click,Q77_Last Click,Q77_Page Submit,Q77_Click Count,15_(5;15)_320_1,Q78_First Click,Q78_Last Click,Q78_Page Submit,Q78_Click Count,15_(7;5)_320_1,Q79_First Click,Q79_Last Click,Q79_Page Submit,Q79_Click Count,15_(12;1)_160_1,Q80_First Click,Q80_Last Click,Q80_Page Submit,Q80_Click Count,Performance,Decision Criteria,Comments,Gender,Age
Start Date,End Date,Response Type,IP Address,Progress,Duration (in seconds),Finished,Recorded Date,Response ID,Recipient Last Name,Recipient First Name,Recipient Email,External Data Reference,Location Latitude,Location Longitude,Distribution Channel,User Language,"Informed Consent FormPurposeWe are conducting research on thinking. ProceduresThis experiment takes around 10 minutes to complete. You will watch a character solve a maze and answer questions about why you think they paused at different points along the maze. You will receive $2 upon completing the experiment. Risks and BenefitsCompleting this task poses no more risk of harm to you than do the experiences of everyday life (e.g., from working on a computer). Although this study will not benefit you personally, it will contribute to the advancement of our understanding of human reasoning.ConfidentialityAll of the responses you provide during this study will be anonymous. You will not be asked to provide any identifying information, such as your name, in any of the questionnaires. Typically, only the researchers involved in this study and those responsible for research oversight will have access to the information you provide. However, we may also share the data with other researchers so that they can check the accuracy of our conclusions; this will not impact you because the data are anonymous. The researcher will not know your name, and no identifying information will be connected to your survey answers in any way. The survey is therefore anonymous. However, your account is associated with a Prolific ID that the researcher has to be able to see in order to pay you, and in some cases these numbers are associated with public profiles which could, in theory, be searched. For this reason, though the researcher will not be looking at anyoneâ€™s public profiles, the fact of your participation in the research (as opposed to your actual survey responses) is technically considered confidential rather than truly anonymous. Voluntary Participation Your participation in this study is voluntary. You are free to decline to participate, to end your participation at any time for any reason, or to refuse to answer any individual question. QuestionsIf you have any questions about this study, you may contact Julian Jara-Ettinger at julian.jara-ettinger@yale.edu. If you would like to talk with someone other than the researchers to discuss problems or concerns, to discuss situations in the event that a member of the research team is not available, or to discuss your rights as a research participant, you may contact the Yale Human Subjects Committee below, and mention HSC number 2000020357:  Yale University Human Subjects Committee Box 208010, New Haven, CT 06520-8010 (203) 785-4688; human.subjects@yale.edu  Additional information is available  here  Agreement to participateBy clicking the button, you acknowledge that you have read the above information, and agree to participate in the study. You must be at least 18 years of age to participate; agreeing to participate confirms you are 18 years of age or older. Select the ""Yes"" option to confirm your agreement and continue.",Please enter your Prolific ID:,Select all of the possible reasons why someone might pause:,"You will use the slider to indicate how much of the pause was due to thinking or distractions. If you think they were thinking the whole time, move the slider all the way to the left. If you think they were distracted the whole time, move the slider all the way to the right. If you are unsure, leave it somewhere in the middle.

If you believe that the person was distracted for the whole pause, where would you put the slider? - Please adjust the slider to respond",Timing - First Click,Timing - Last Click,Timing - Page Submit,Timing - Click Count,"This video is giving you information that will help you in your task. Please watch this video carefully. In this video, the person only pauses to think about the maze -- they never get distracted. This is what it looks like when someone solves the maze without any distraction.



Note: the top left is always the start of the maze, and the bottom right is always the end.








Please use the slider to indicate how much of each pause was due to thinking vs distraction. - Please adjust the slider to respond","Why did they pause?




Because they were... - Please adjust the slider to respond",Timing - First Click,Timing - Last Click,Timing - Page Submit,Timing - Click Count,"Why did they pause?




Because they were... - Please adjust the slider to respond",Timing - First Click,Timing - Last Click,Timing - Page Submit,Timing - Click Count,"Why did they pause?




Because they were... - Please adjust the slider to respond",Timing - First Click,Timing - Last Click,Timing - Page Submit,Timing - Click Count,"Why did they pause?




Because they were... - Please adjust the slider to respond",Timing - First Click,Timing - Last Click,Timing - Page Submit,Timing - Click Count,"Why did they pause?




Because they were... - Please adjust the slider to respond",Timing - First Click,Timing - Last Click,Timing - Page Submit,Timing - Click Count,"Why did they pause?




Because they were... - Please adjust the slider to respond",Timing - First Click,Timing - Last Click,Timing - Page Submit,Timing - Click Count,"Why did they pause?




Because they were... - Please adjust the slider to respond",Timing - First Click,Timing - Last Click,Timing - Page Submit,Timing - Click Count,"Why did they pause?




Because they were... - Please adjust the slider to respond",Timing - First Click,Timing - Last Click,Timing - Page Submit,Timing - Click Count,"Why did they pause?




Because they were... - Please adjust the slider to respond",Timing - First Click,Timing - Last Click,Timing - Page Submit,Timing - Click Count,"Why did they pause?




Because they were... - Please adjust the slider to respond",Timing - First Click,Timing - Last Click,Timing - Page Submit,Timing - Click Count,"Why did they pause?




Because they were... - Please adjust the slider to respond",Timing - First Click,Timing - Last Click,Timing - Page Submit,Timing - Click Count,"Why did they pause?







Because they were... - Please adjust the slider to respond",Timing - First Click,Timing - Last Click,Timing - Page Submit,Timing - Click Count,"Why did they pause?







Because they were... - Please adjust the slider to respond",Timing - First Click,Timing - Last Click,Timing - Page Submit,Timing - Click Count,"Why did they pause?







Because they were... - Please adjust the slider to respond",Timing - First Click,Timing - Last Click,Timing - Page Submit,Timing - Click Count,"Why did they pause?







Because they were... - Please adjust the slider to respond",Timing - First Click,Timing - Last Click,Timing - Page Submit,Timing - Click Count,"Why did they pause?







Because they were... - Please adjust the slider to respond",Timing - First Click,Timing - Last Click,Timing - Page Submit,Timing - Click Count,"Why did they pause?






Because they were... - Please adjust the slider to respond",Timing - First Click,Timing - Last Click,Timing - Page Submit,Timing - Click Count,"Why did they pause?






Because they were... - Please adjust the slider to respond",Timing - First Click,Timing - Last Click,Timing - Page Submit,Timing - Click Count,"Why did they pause?






Because they were... - Please adjust the slider to respond",Timing - First Click,Timing - Last Click,Timing - Page Submit,Timing - Click Count,"Why did they pause?






Because they were... - Please adjust the slider to respond",Timing - First Click,Timing - Last Click,Timing - Page Submit,Timing - Click Count,"Why did they pause?






Because they were... - Please adjust the slider to respond",Timing - First Click,Timing - Last Click,Timing - Page Submit,Timing - Click Count,"Why did they pause?






Because they were... - Please adjust the slider to respond",Timing - First Click,Timing - Last Click,Timing - Page Submit,Timing - Click Count,"Why did they pause?






Because they were... - Please adjust the slider to respond",Timing - First Click,Timing - Last Click,Timing - Page Submit,Timing - Click Count,How well do you think you did? (how often do you think you were right?),How did you decide whether the person was distracted or thinking?,Any comments / thoughts you'd like to share?,Please select your gender:,Please enter your age:
"{""ImportId"":""startDate"",""timeZone"":""America/Denver""}","{""ImportId"":""endDate"",""timeZone"":""America/Denver""}","{""ImportId"":""status""}","{""ImportId"":""ipAddress""}","{""ImportId"":""progress""}","{""ImportId"":""duration""}","{""ImportId"":""finished""}","{""ImportId"":""recordedDate"",""timeZone"":""America/Denver""}","{""ImportId"":""_recordId""}","{""ImportId"":""recipientLastName""}","{""ImportId"":""recipientFirstName""}","{""ImportId"":""recipientEmail""}","{""ImportId"":""externalDataReference""}","{""ImportId"":""locationLatitude""}","{""ImportId"":""locationLongitude""}","{""ImportId"":""distributionChannel""}","{""ImportId"":""userLanguage""}","{""ImportId"":""QID42""}","{""ImportId"":""QID41_TEXT""}","{""ImportId"":""QID4""}","{""ImportId"":""QID1_1""}","{""ImportId"":""QID50_FIRST_CLICK""}","{""ImportId"":""QID50_LAST_CLICK""}","{""ImportId"":""QID50_PAGE_SUBMIT""}","{""ImportId"":""QID50_CLICK_COUNT""}","{""ImportId"":""QID40_1""}","{""ImportId"":""QID39_1""}","{""ImportId"":""QID48_FIRST_CLICK""}","{""ImportId"":""QID48_LAST_CLICK""}","{""ImportId"":""QID48_PAGE_SUBMIT""}","{""ImportId"":""QID48_CLICK_COUNT""}","{""ImportId"":""QID31_1""}","{""ImportId"":""QID49_FIRST_CLICK""}","{""ImportId"":""QID49_LAST_CLICK""}","{""ImportId"":""QID49_PAGE_SUBMIT""}","{""ImportId"":""QID49_CLICK_COUNT""}","{""ImportId"":""QID32_1""}","{""ImportId"":""QID52_FIRST_CLICK""}","{""ImportId"":""QID52_LAST_CLICK""}","{""ImportId"":""QID52_PAGE_SUBMIT""}","{""ImportId"":""QID52_CLICK_COUNT""}","{""ImportId"":""QID33_1""}","{""ImportId"":""QID91_FIRST_CLICK""}","{""ImportId"":""QID91_LAST_CLICK""}","{""ImportId"":""QID91_PAGE_SUBMIT""}","{""ImportId"":""QID91_CLICK_COUNT""}","{""ImportId"":""QID29_1""}","{""ImportId"":""QID53_FIRST_CLICK""}","{""ImportId"":""QID53_LAST_CLICK""}","{""ImportId"":""QID53_PAGE_SUBMIT""}","{""ImportId"":""QID53_CLICK_COUNT""}","{""ImportId"":""QID56_1""}","{""ImportId"":""QID55_FIRST_CLICK""}","{""ImportId"":""QID55_LAST_CLICK""}","{""ImportId"":""QID55_PAGE_SUBMIT""}","{""ImportId"":""QID55_CLICK_COUNT""}","{""ImportId"":""QID60_1""}","{""ImportId"":""QID82_FIRST_CLICK""}","{""ImportId"":""QID82_LAST_CLICK""}","{""ImportId"":""QID82_PAGE_SUBMIT""}","{""ImportId"":""QID82_CLICK_COUNT""}","{""ImportId"":""QID54_1""}","{""ImportId"":""QID57_FIRST_CLICK""}","{""ImportId"":""QID57_LAST_CLICK""}","{""ImportId"":""QID57_PAGE_SUBMIT""}","{""ImportId"":""QID57_CLICK_COUNT""}","{""ImportId"":""QID58_1""}","{""ImportId"":""QID59_FIRST_CLICK""}","{""ImportId"":""QID59_LAST_CLICK""}","{""ImportId"":""QID59_PAGE_SUBMIT""}","{""ImportId"":""QID59_CLICK_COUNT""}","{""ImportId"":""QID64_1""}","{""ImportId"":""QID61_FIRST_CLICK""}","{""ImportId"":""QID61_LAST_CLICK""}","{""ImportId"":""QID61_PAGE_SUBMIT""}","{""ImportId"":""QID61_CLICK_COUNT""}","{""ImportId"":""QID62_1""}","{""ImportId"":""QID63_FIRST_CLICK""}","{""ImportId"":""QID63_LAST_CLICK""}","{""ImportId"":""QID63_PAGE_SUBMIT""}","{""ImportId"":""QID63_CLICK_COUNT""}","{""ImportId"":""QID13_1""}","{""ImportId"":""QID66_FIRST_CLICK""}","{""ImportId"":""QID66_LAST_CLICK""}","{""ImportId"":""QID66_PAGE_SUBMIT""}","{""ImportId"":""QID66_CLICK_COUNT""}","{""ImportId"":""QID14_1""}","{""ImportId"":""QID67_FIRST_CLICK""}","{""ImportId"":""QID67_LAST_CLICK""}","{""ImportId"":""QID67_PAGE_SUBMIT""}","{""ImportId"":""QID67_CLICK_COUNT""}","{""ImportId"":""QID15_1""}","{""ImportId"":""QID69_FIRST_CLICK""}","{""ImportId"":""QID69_LAST_CLICK""}","{""ImportId"":""QID69_PAGE_SUBMIT""}","{""ImportId"":""QID69_CLICK_COUNT""}","{""ImportId"":""QID16_1""}","{""ImportId"":""QID70_FIRST_CLICK""}","{""ImportId"":""QID70_LAST_CLICK""}","{""ImportId"":""QID70_PAGE_SUBMIT""}","{""ImportId"":""QID70_CLICK_COUNT""}","{""ImportId"":""QID17_1""}","{""ImportId"":""QID71_FIRST_CLICK""}","{""ImportId"":""QID71_LAST_CLICK""}","{""ImportId"":""QID71_PAGE_SUBMIT""}","{""ImportId"":""QID71_CLICK_COUNT""}","{""ImportId"":""QID18_1""}","{""ImportId"":""QID73_FIRST_CLICK""}","{""ImportId"":""QID73_LAST_CLICK""}","{""ImportId"":""QID73_PAGE_SUBMIT""}","{""ImportId"":""QID73_CLICK_COUNT""}","{""ImportId"":""QID20_1""}","{""ImportId"":""QID74_FIRST_CLICK""}","{""ImportId"":""QID74_LAST_CLICK""}","{""ImportId"":""QID74_PAGE_SUBMIT""}","{""ImportId"":""QID74_CLICK_COUNT""}","{""ImportId"":""QID21_1""}","{""ImportId"":""QID75_FIRST_CLICK""}","{""ImportId"":""QID75_LAST_CLICK""}","{""ImportId"":""QID75_PAGE_SUBMIT""}","{""ImportId"":""QID75_CLICK_COUNT""}","{""ImportId"":""QID23_1""}","{""ImportId"":""QID77_FIRST_CLICK""}","{""ImportId"":""QID77_LAST_CLICK""}","{""ImportId"":""QID77_PAGE_SUBMIT""}","{""ImportId"":""QID77_CLICK_COUNT""}","{""ImportId"":""QID25_1""}","{""ImportId"":""QID78_FIRST_CLICK""}","{""ImportId"":""QID78_LAST_CLICK""}","{""ImportId"":""QID78_PAGE_SUBMIT""}","{""ImportId"":""QID78_CLICK_COUNT""}","{""ImportId"":""QID26_1""}","{""ImportId"":""QID79_FIRST_CLICK""}","{""ImportId"":""QID79_LAST_CLICK""}","{""ImportId"":""QID79_PAGE_SUBMIT""}","{""ImportId"":""QID79_CLICK_COUNT""}","{""ImportId"":""QID27_1""}","{""ImportId"":""QID80_FIRST_CLICK""}","{""ImportId"":""QID80_LAST_CLICK""}","{""ImportId"":""QID80_PAGE_SUBMIT""}","{""ImportId"":""QID80_CLICK_COUNT""}","{""ImportId"":""QID7_TEXT""}","{""ImportId"":""QID8_TEXT""}","{""ImportId"":""QID9_TEXT""}","{""ImportId"":""QID93""}","{""ImportId"":""QID92_TEXT""}"
2021-02-01 07:53:07,2021-02-01 08:01:08,Survey Preview,,100,481,True,2021-02-01 08:01:09,R_VWsWwFusQbzDlzb,,,,,41.318603515625,-72.93019866943359375,preview,EN,Yes,marlenetesting,To think about how to solve the maze and/or because they got distracted,100,10.714,60.784,62.515,10,0,93,14.678,15.606,16.575,2,17,4.378,6.688,14.902,2,30,12.762,16.032,16.757,2,81,18.289,18.289,19.316,1,46,11.074,11.074,12.109,1,14,10.668,10.668,11.899,1,19,9.632,9.632,10.694,1,100,22.249,22.249,23.521,1,34,5.764,9.959,11.317,3,35,7.026,9.373,11.037,2,75,7.233,9.036,10.66,2,28,12.077,13.366,14.494,2,100,5.88,9.497,11.012,3,22,7.932,10.329,10.921,3,25,12.377,26.182,26.766,2,14,9.297,10.133,11.2,2,100,13.268,13.268,17.198,1,34,6.734,10.86,11.743,3,60,4.545,8.656,10.865,2,28,9.708,11.047,11.795,2,10,8.539,13.03,14.315,4,88,8.074,9.541,10.939,2,16,7.68,7.68,15.233,1,well,,,Woman,24
2021-02-01 08:25:47,2021-02-01 08:26:58,IP Address,173.88.151.198,100,70,True,2021-02-01 08:26:58,R_6GsmwTz61LfoJK9,,,,,41.0980072021484375,-81.6421966552734375,anonymous,EN,Yes,5f3dcb87ec4ebe1f62ecf120,"To check what time it is,Because they got frozen,To think about how to solve the maze and/or because they got distracted",,,,,,,,,,,,,,,,,,,,,,,,,,,,,,,,,,,,,,,,,,,,,,,,,,,,,,,,,,,,,,,,,,,,,,,,,,,,,,,,,,,,,,,,,,,,,,,,,,,,,,,,,,,,,,,,,,,,,,,,,,,,,,
2021-02-01 08:21:43,2021-02-01 08:29:34,IP Address,99.74.225.23,100,470,True,2021-02-01 08:29:34,R_201CZRr2f3H88Df,,,,,42.278900146484375,-85.690399169921875,anonymous,EN,Yes,5d14de777091ed0015774f0f,To think about how to solve the maze and/or because they got distracted,100,4.348,65.827,66.304,6,0,77,12.107,12.739,13.633,2,27,7.146,10.526,10.874,3,17,7.951,9.547,10.761,3,53,5.988,9.377,10.478,4,65,8.292,10.826,11.255,4,16,1.523,10.524,11.733,6,32,6.986,7.828,11.242,2,79,6.38,9.973,10.719,3,1,5.713,10.195,10.624,7,51,5.919,9.577,10.678,5,38,5.464,9.803,10.569,5,3,6.014,6.923,7.681,3,51,7.434,9.228,11.042,4,31,5.095,6.962,10.565,4,2,5.894,9.051,10.744,5,17,6.81,9.849,10.602,3,100,6.506,7.663,10.548,3,1,8.032,15.952,16.644,2,15,5.015,10.061,10.682,4,6,6.395,7.94,10.539,4,100,11.682,15.541,16.973,5,51,7.087,8.523,10.992,3,45,7.29,11.282,11.82,6,"I think I was right 60% of the time, sometimes you can't tell what somebody is thinking",If they stopped at a weird point in the maze,Thanks for the money :),Woman,20
2021-02-01 08:19:42,2021-02-01 08:32:07,IP Address,24.63.238.156,100,745,True,2021-02-01 08:32:08,R_1OwZSphRqTpEDwx,,,,,41.6842041015625,-72.39859771728515625,anonymous,EN,Yes,59dc1e0924d7bf00012f096f,To think about how to solve the maze and/or because they got distracted,100,105.573,106.657,109.464,2,0,100,16.139,16.139,19.521,1,25,17.445,17.445,19.556,1,25,13.77,13.77,15.179,1,90,11.933,13.714,15.153,2,100,10.832,10.832,12.967,1,0,10.659,10.659,13.364,1,50,16.248,18.575,19.225,2,100,12.561,13.274,15.911,2,10,11.846,13.419,15.395,2,90,10.768,12.782,14.476,2,25,18.777,20.915,22.896,2,25,14.145,16.617,19.012,2,75,10.144,10.144,12.023,1,0,9.508,9.904,11.533,2,0,8.54,8.54,11.247,1,5,17.817,20.375,22.742,3,100,7.352,11.38,12.015,2,25,8.717,9.81,11.694,2,20,11.166,13.092,14.942,2,0,9.898,12.685,13.266,2,0,50.803,52.745,55.996,2,100,53.598,56.296,56.942,3,0,4.888,6.799,10.777,2,I think I was right probably 90% of the time.,I based it off of the length of the pause relative to the complexity of the maze in addition to where in the maze the pause occurred (i.e. a location where a decision on where to move takes place vs the middle of a straight hallway).,,Man,31
2021-02-01 08:33:06,2021-02-01 08:34:11,IP Address,173.172.248.16,100,64,True,2021-02-01 08:34:12,R_1Ns7XALzOH6iaVI,,,,,26.2140045166015625,-98.32669830322265625,anonymous,EN,Yes,5ee3ac368e523a05ad561ae5,"To check what time it is,To think about how to solve the maze and/or because they got distracted",,,,,,,,,,,,,,,,,,,,,,,,,,,,,,,,,,,,,,,,,,,,,,,,,,,,,,,,,,,,,,,,,,,,,,,,,,,,,,,,,,,,,,,,,,,,,,,,,,,,,,,,,,,,,,,,,,,,,,,,,,,,,,
2021-02-01 08:42:30,2021-02-01 08:43:02,IP Address,207.96.123.170,100,31,True,2021-02-01 08:43:02,R_241pbEVS9sAEA7s,,,,,40.7364959716796875,-74.00550079345703125,anonymous,EN,Yes,5fc7e1a6984e2507f4df948e,"To check what time it is,To think about how to solve the maze and/or because they got distracted,Because they are a very cautious person",,,,,,,,,,,,,,,,,,,,,,,,,,,,,,,,,,,,,,,,,,,,,,,,,,,,,,,,,,,,,,,,,,,,,,,,,,,,,,,,,,,,,,,,,,,,,,,,,,,,,,,,,,,,,,,,,,,,,,,,,,,,,,
2021-02-01 08:48:26,2021-02-01 08:49:33,IP Address,23.28.159.118,100,67,True,2021-02-01 08:49:33,R_UYZeYpnWAPfB4VH,,,,,42.578399658203125,-84.45510101318359375,anonymous,EN,Yes,5dceb9be381b67000e061142,"To check what time it is,Because they got frozen,To think about how to solve the maze and/or because they got distracted,Because they are a very cautious person",,,,,,,,,,,,,,,,,,,,,,,,,,,,,,,,,,,,,,,,,,,,,,,,,,,,,,,,,,,,,,,,,,,,,,,,,,,,,,,,,,,,,,,,,,,,,,,,,,,,,,,,,,,,,,,,,,,,,,,,,,,,,,
2021-02-01 08:49:50,2021-02-01 08:50:30,IP Address,73.193.30.110,100,40,True,2021-02-01 08:50:30,R_3OiHfS7ykMMUKXL,,,,,48.69140625,-122.413299560546875,anonymous,EN,Yes,5c7dcd11f066ff001568e56a,"To think about how to solve the maze and/or because they got distracted,Because they are a very cautious person",,,,,,,,,,,,,,,,,,,,,,,,,,,,,,,,,,,,,,,,,,,,,,,,,,,,,,,,,,,,,,,,,,,,,,,,,,,,,,,,,,,,,,,,,,,,,,,,,,,,,,,,,,,,,,,,,,,,,,,,,,,,,,
2021-02-01 08:48:27,2021-02-01 08:50:58,IP Address,72.134.177.5,100,150,True,2021-02-01 08:50:58,R_271AC0S2kiZWYiq,,,,,33.999298095703125,-118.28680419921875,anonymous,EN,Yes,5f0d7fcf5a4c020184e1cc1d,"Because they got frozen,To think about how to solve the maze and/or because they got distracted",,,,,,,,,,,,,,,,,,,,,,,,,,,,,,,,,,,,,,,,,,,,,,,,,,,,,,,,,,,,,,,,,,,,,,,,,,,,,,,,,,,,,,,,,,,,,,,,,,,,,,,,,,,,,,,,,,,,,,,,,,,,,,
2021-02-01 08:39:52,2021-02-01 08:55:47,IP Address,73.41.71.77,100,955,True,2021-02-01 08:55:48,R_3s50zy3Tus9wyfe,,,,,37.81500244140625,-121.2108001708984375,anonymous,EN,Yes,5fbb9d43846c1196282151be,To think about how to solve the maze and/or because they got distracted,100,84.715,84.715,87.071,1,0,100,40.374,42.419,43.013,2,100,26.499,26.499,28.308,1,0,16.467,18.089,19.135,3,100,29.91,33.064,34.315,2,100,27.553,38.47,39.178,4,100,11.006,13.024,13.9,4,0,12,12,12.528,1,80,13.117,13.117,14.374,1,0,9.476,10.321,11.075,2,0,8.609,8.609,10.769,1,100,10.399,10.399,11.189,1,0,14.925,15.516,16.582,2,100,12.737,12.737,16.842,1,47,9.129,9.129,10.643,1,0,9.088,10.638,10.894,2,0,15.71,16.623,17.625,2,100,10.584,10.584,11.697,1,0,11.229,11.229,12.177,1,100,7.296,7.296,10.836,1,0,7.311,7.311,10.692,1,0,8.191,8.191,10.622,1,100,7.735,7.735,11.007,1,100,15.128,15.128,16.132,1,Around 50%,Whether they stopped at obvious sections or sections where there wasn't an option or not.,It feels like I have to guess most of the time. Logical stopping points are also opportunities to be distracted I think.,Man,27
2021-02-01 09:02:43,2021-02-01 09:03:21,IP Address,98.14.30.28,100,37,True,2021-02-01 09:03:21,R_3mHwGT2oSAHLW5r,,,,,40.69500732421875,-73.7910003662109375,anonymous,EN,Yes,5f98e6519003f32121e53e3f,"Because they got frozen,To think about how to solve the maze and/or because they got distracted,Because they are a very cautious person",,,,,,,,,,,,,,,,,,,,,,,,,,,,,,,,,,,,,,,,,,,,,,,,,,,,,,,,,,,,,,,,,,,,,,,,,,,,,,,,,,,,,,,,,,,,,,,,,,,,,,,,,,,,,,,,,,,,,,,,,,,,,,
2021-02-01 09:04:05,2021-02-01 09:05:28,IP Address,72.28.253.175,100,82,True,2021-02-01 09:05:28,R_1ooLsAPmAWg7O9A,,,,,38.784393310546875,-76.220001220703125,anonymous,EN,Yes,5f88409442fd302ad8c6affe,"To think about how to solve the maze and/or because they got distracted,Because they are a very cautious person",,,,,,,,,,,,,,,,,,,,,,,,,,,,,,,,,,,,,,,,,,,,,,,,,,,,,,,,,,,,,,,,,,,,,,,,,,,,,,,,,,,,,,,,,,,,,,,,,,,,,,,,,,,,,,,,,,,,,,,,,,,,,,
2021-02-01 08:55:23,2021-02-01 09:05:34,IP Address,173.18.182.79,100,611,True,2021-02-01 09:05:34,R_2dz2jQ1TLB7pB4F,,,,,36.802001953125,-87.8285980224609375,anonymous,EN,Yes,5886d67b3e1f290001aa7529,To think about how to solve the maze and/or because they got distracted,100,52.126,52.126,69.98,1,0,100,15.664,15.664,16.632,1,0,11.54,11.54,13.02,1,0,11.765,11.765,13.053,1,0,14.957,14.957,16.096,1,100,12.399,18.84,20.118,3,0,10.185,11.761,12.846,3,0,12.493,13.803,14.244,2,100,10.047,10.047,11.309,1,0,12.547,12.547,13.686,1,80,11.385,11.385,12.184,1,0,11.985,12.787,14.123,2,0,10.765,10.765,12.089,1,0,7.99,7.99,11.491,1,50,8.102,10.918,11.838,3,20,16.004,16.004,17.475,1,0,8.62,8.62,10.809,1,100,8.626,8.626,11.273,1,5,13.05,14.608,25.441,2,30,9.362,9.362,10.962,1,0,8.091,8.091,10.976,1,0,24.584,24.584,25.653,1,100,15.766,15.766,17.052,1,0,9.61,9.61,10.927,1,I think I was right most of the time.,I paid attention to their location mostly.,This was interesting,Woman,39
2021-02-01 09:04:33,2021-02-01 09:05:38,IP Address,69.248.100.200,100,64,True,2021-02-01 09:05:38,R_22yNx03IO0zmnt7,,,,,40.43060302734375,-74.40200042724609375,anonymous,EN,Yes,5f224ca04154036e76bb185d,To think about how to solve the maze and/or because they got distracted,69,,,,,,,,,,,,,,,,,,,,,,,,,,,,,,,,,,,,,,,,,,,,,,,,,,,,,,,,,,,,,,,,,,,,,,,,,,,,,,,,,,,,,,,,,,,,,,,,,,,,,,,,,,,,,,,,,,,,,,,,,,,,,
2021-02-01 09:04:50,2021-02-01 09:06:10,IP Address,97.96.156.67,100,79,True,2021-02-01 09:06:10,R_qVMlPABG7s0jK8x,,,,,27.9600067138671875,-82.46140289306640625,anonymous,EN,Yes,5e73645330c5660226e6bc98,"To check what time it is,To think about how to solve the maze and/or because they got distracted",,,,,,,,,,,,,,,,,,,,,,,,,,,,,,,,,,,,,,,,,,,,,,,,,,,,,,,,,,,,,,,,,,,,,,,,,,,,,,,,,,,,,,,,,,,,,,,,,,,,,,,,,,,,,,,,,,,,,,,,,,,,,,
2021-02-01 08:56:17,2021-02-01 09:06:19,IP Address,99.26.145.157,100,601,True,2021-02-01 09:06:20,R_1BRuqTxM78c21yZ,,,,,33.8578033447265625,-117.786895751953125,anonymous,EN,Yes,5c40134b1580e900012320ab,To think about how to solve the maze and/or because they got distracted,100,79.887,79.887,88.431,1,0,70,17.789,17.789,18.84,1,24,11.929,11.929,12.477,1,11,10.326,10.326,11.219,1,100,11.092,11.092,11.952,1,0,11.792,11.792,12.546,1,0,10.79,11.163,11.406,2,72,13.5,13.5,14.275,1,97,10.97,10.97,11.648,1,13,11.473,11.473,11.917,1,7,12.933,12.933,13.476,1,100,8.429,8.887,10.929,2,15,9.762,9.762,10.575,1,26,10.198,10.198,11.186,1,0,12.1,12.1,12.977,1,7,9.251,10.732,11.057,2,92,11.386,11.386,11.96,1,100,9.689,9.689,10.949,1,26,10.068,10.883,11.517,2,0,12.342,12.342,13.207,1,75,10.201,10.201,11.084,1,0,10.068,11.213,11.444,2,86,13.032,13.032,14.072,1,5,11.266,11.266,12.481,1,"I don't think I was correct that often, it was hard to tell when they were thinking or distracted during their pause.","I looked at if the end of the maze was obvious to the person playing, if it was obvious where to go to win the maze and the person paused, I assumed they were distracted. If the person paused at an intersection that didn't show an obvious path, I assumed they were thinking which way to go.","No comments, thank you!",Woman,40
2021-02-01 09:06:01,2021-02-01 09:06:37,IP Address,173.184.222.187,100,36,True,2021-02-01 09:06:38,R_3qlDOcCDZ9b6Ffb,,,,,34.782806396484375,-84.933197021484375,anonymous,EN,Yes,5484821efdf99b07b28f2300,To think about how to solve the maze and/or because they got distracted,51,,,,,,,,,,,,,,,,,,,,,,,,,,,,,,,,,,,,,,,,,,,,,,,,,,,,,,,,,,,,,,,,,,,,,,,,,,,,,,,,,,,,,,,,,,,,,,,,,,,,,,,,,,,,,,,,,,,,,,,,,,,,,
2021-02-01 08:59:10,2021-02-01 09:07:05,IP Address,68.101.252.161,100,475,True,2021-02-01 09:07:06,R_2feS7L8M1hXtEo8,,,,,33.20770263671875,-117.34799957275390625,anonymous,EN,Yes,5eed8bec94fa2f1be77c189a,To think about how to solve the maze and/or because they got distracted,100,6.711,51.533,71.642,5,0,91,1.079,12.363,13.959,3,52,2.891,11.459,12.171,3,74,1.685,18.568,19.217,5,99,3.252,10.792,11.728,3,8,6.153,9.75,10.692,4,0,4.195,10.213,11.091,2,97,3.598,9.567,10.769,3,77,2.943,10.358,11.254,3,21,3.145,12.076,13.072,3,70,3.387,18.684,19.67,5,72,3.807,14.648,15.714,4,10,6.776,9.751,11.32,3,67,3.649,11.965,13,4,20,5.3,10.783,11.706,4,79,2.76,11.572,12.46,3,51,4.678,9.959,10.976,2,68,2.715,9.298,10.601,3,38,5.265,9.327,10.751,3,71,3.677,9.913,10.977,3,71,3.648,9.943,10.767,3,70,6.807,10.026,10.995,3,5,4.26,10.908,11.691,3,4,7.317,10.142,11.338,3,I think I was right about 40 percent of the time.,By how long they paused and where they went next.,"no, thank you.",Woman,24
2021-02-01 09:07:09,2021-02-01 09:07:52,IP Address,68.109.40.34,100,42,True,2021-02-01 09:07:52,R_3kBcFUBCMr3Vbk2,,,,,32.789398193359375,-83.68070220947265625,anonymous,EN,Yes,5fc30b0c34a74d131f137add,"To think about how to solve the maze and/or because they got distracted,Because they are a very cautious person",,,,,,,,,,,,,,,,,,,,,,,,,,,,,,,,,,,,,,,,,,,,,,,,,,,,,,,,,,,,,,,,,,,,,,,,,,,,,,,,,,,,,,,,,,,,,,,,,,,,,,,,,,,,,,,,,,,,,,,,,,,,,,
2021-02-01 08:34:25,2021-02-01 09:08:02,IP Address,173.172.248.16,100,2017,True,2021-02-01 09:08:02,R_3PS0uSuKl9n4HOV,,,,,26.2140045166015625,-98.32669830322265625,anonymous,EN,Yes,5ee3ac368e523a05ad561ae5,To think about how to solve the maze and/or because they got distracted,100,38.599,43.022,64.066,6,0,68,14.05,15.164,17.617,4,0,12.969,14.809,16.136,3,0,13.584,17.391,23.559,4,100,49.476,49.476,53.372,1,26,11.994,17.019,18.407,5,0,7.66,11.398,12.137,2,0,11.428,11.428,13.348,1,100,9.58,12.178,14.282,2,0,9.076,9.076,11.155,1,0,6.729,6.729,11.154,1,86,9.591,9.591,11.561,1,16,13.737,13.737,16.285,1,100,8.933,8.933,12.005,1,0,9.22,9.22,11.433,1,100,13.571,13.571,14.786,1,0,10.347,10.347,12.168,1,100,8.401,8.401,11.209,1,2,7.486,7.486,10.981,1,4,6.576,6.576,11.061,1,0,5.658,7.302,11.571,2,0,7.75,7.75,11.108,1,100,7.634,7.634,10.9,1,4,9.851,9.851,11.649,1,Very,"Location when pause occurred. ",,Man,33
2021-02-01 08:59:05,2021-02-01 09:08:06,IP Address,96.227.139.246,100,541,True,2021-02-01 09:08:06,R_2uILwZzgqxEicYD,,,,,39.92059326171875,-75.1826019287109375,anonymous,EN,Yes,5dc4c7fe96a93938462aa2bc,To think about how to solve the maze and/or because they got distracted,100,77.88,77.88,79.722,1,0,100,13.579,13.579,14.7,1,0,12.169,12.169,13.694,1,0,11.734,15.983,17.475,2,0,9.893,12.093,13.763,2,50,12.873,12.873,14.427,1,51,10.205,10.205,11.852,1,0,10.434,10.434,11.434,1,100,9.627,11.939,13.568,2,0,10.765,11.946,13.228,2,100,9.027,9.027,11.852,1,50,11.348,13.313,15.041,2,0,10.337,10.337,11.383,1,79,9.949,9.949,11.67,1,100,10.433,10.433,11.684,1,0,11.121,11.121,12.461,1,0,14.629,17.688,19.158,3,100,9.347,9.347,11.196,1,100,11.996,11.996,13.414,1,0,11.847,11.847,13.33,1,0,14.15,14.15,15.637,1,0,9.06,9.06,11.037,1,100,11.108,11.108,12.898,1,0,11.252,11.252,12.379,1,90 percent,where they stopped in the maze,no,Woman,30
2021-02-01 09:07:26,2021-02-01 09:08:35,IP Address,216.15.39.4,100,69,True,2021-02-01 09:08:36,R_12i0Q9HXlEEod1Q,,,,,39.1089935302734375,-77.2489013671875,anonymous,EN,Yes,5c113ae4b7fb2f00011a6b7e,To think about how to solve the maze and/or because they got distracted,39,,,,,,,,,,,,,,,,,,,,,,,,,,,,,,,,,,,,,,,,,,,,,,,,,,,,,,,,,,,,,,,,,,,,,,,,,,,,,,,,,,,,,,,,,,,,,,,,,,,,,,,,,,,,,,,,,,,,,,,,,,,,,
2021-02-01 08:59:43,2021-02-01 09:09:12,IP Address,67.188.209.22,100,569,True,2021-02-01 09:09:13,R_1C7JFY0690jyziN,,,,,37.756195068359375,-122.486602783203125,anonymous,EN,Yes,5dd72efa82569a6d38e06854,To think about how to solve the maze and/or because they got distracted,100,60.105,60.105,70.831,1,0,0,16.878,16.878,19.831,1,0,13.866,13.866,15.312,1,50,10.499,10.499,12.281,1,50,16.303,16.303,17.479,1,0,12.331,14.759,16.518,2,0,11.218,11.218,12.305,1,0,11.553,11.553,13.242,1,26,10.105,13.369,15.456,2,0,10.789,10.789,12.022,1,0,11.273,11.273,13.039,1,80,16.291,17.587,18.557,2,0,18.839,18.839,19.769,1,0,9.369,9.369,10.891,1,10,12.237,12.973,14.929,2,0,11.501,11.501,13.406,1,0,9.697,9.697,11.292,1,0,10.814,11.501,13.03,2,0,12.919,14.387,16.113,2,0,8.457,8.457,10.712,1,0,17.038,20.722,21.907,2,0,7.129,7.129,11.223,1,0,15.229,16.048,17.609,2,20,11.663,11.663,12.993,1,Maybe half the time,I mean I mostly guessed since you aren't given any real metrics to determine that.,,Woman,38
2021-02-01 09:09:17,2021-02-01 09:10:09,IP Address,104.32.181.72,100,51,True,2021-02-01 09:10:09,R_3L7iA9vYEyzczEx,,,,,34.032196044921875,-118.283599853515625,anonymous,EN,Yes,5b9ece575813c900011800ae,"To check what time it is,Because they got frozen,To think about how to solve the maze and/or because they got distracted,Because they are a very cautious person",,,,,,,,,,,,,,,,,,,,,,,,,,,,,,,,,,,,,,,,,,,,,,,,,,,,,,,,,,,,,,,,,,,,,,,,,,,,,,,,,,,,,,,,,,,,,,,,,,,,,,,,,,,,,,,,,,,,,,,,,,,,,,
2021-02-01 09:10:41,2021-02-01 09:11:39,IP Address,192.161.199.125,100,58,True,2021-02-01 09:11:39,R_cYoklAtwsy2zT7r,,,,,38.7368927001953125,-88.0792999267578125,anonymous,EN,Yes,5bd49bcc25db7b0001794063,To think about how to solve the maze and/or because they got distracted,44,,,,,,,,,,,,,,,,,,,,,,,,,,,,,,,,,,,,,,,,,,,,,,,,,,,,,,,,,,,,,,,,,,,,,,,,,,,,,,,,,,,,,,,,,,,,,,,,,,,,,,,,,,,,,,,,,,,,,,,,,,,,,
2021-02-01 09:00:56,2021-02-01 09:12:32,IP Address,174.203.130.133,100,695,True,2021-02-01 09:12:32,R_2cbeGffLetPz7I3,,,,,40.524505615234375,-79.08429718017578125,anonymous,EN,Yes,5e6d915ba20e47358d14e376,To think about how to solve the maze and/or because they got distracted,100,71.678,74.256,76.176,3,0,100,0.031,19.671,20.971,3,10,18.376,20.078,21.783,3,0,15.055,15.055,17.001,1,100,13.601,19.297,20.4,3,19,14.609,14.609,17.067,1,0,15.119,18.619,20.647,2,5,16.134,17.483,18.838,2,92,25.263,25.263,26.632,1,5,13.776,14.248,15.955,2,41,13.221,13.221,15.102,1,100,13.07,13.07,14.847,1,0,10.513,10.513,12.511,1,78,16.269,17.926,19.06,3,0,13.925,15.065,17.701,3,9,13.589,13.589,14.699,1,81,10.315,10.315,11.656,1,100,12.922,12.922,15.609,1,3,16.295,16.295,18.282,1,1,16.69,16.69,18.801,1,2,12.74,13.348,14.696,2,34,14.54,15.112,16.358,2,94,13.12,13.678,14.74,2,3,11.32,13.413,14.814,2,75,"Where they paused, how difficult the puzzle was at that point to solve, and where they had come from (i.e. were there more than one potentially viable options)",No,Man,43
2021-02-01 09:04:12,2021-02-01 09:14:04,IP Address,137.25.178.149,100,591,True,2021-02-01 09:14:04,R_24pE8UrQIE0GFQO,,,,,34.135406494140625,-117.5989990234375,anonymous,EN,Yes,5f31961c57eb9507db148757,To think about how to solve the maze and/or because they got distracted,100,56.534,56.534,62.319,1,0,90,19.025,19.025,20.173,1,34,11.477,11.477,12.601,1,1,12.821,12.821,14.006,1,86,21.327,21.327,22.583,1,38,9.841,9.841,11.207,1,12,15.066,15.066,16.306,1,39,14.37,14.967,17.101,2,100,14.971,14.971,16.565,1,10,11.52,12.614,12.917,2,66,21.605,21.605,22.529,1,1,18.538,18.538,19.771,1,9,12.642,14.814,15.286,3,71,11.835,11.835,13.005,1,67,8.896,8.896,10.688,1,12,12.227,12.227,13.465,1,43,16.46,16.46,18.227,1,100,10.772,10.772,11.599,1,67,10.172,10.172,11.627,1,18,16.988,16.988,17.856,1,16,7.57,7.57,10.52,1,0,8.137,8.137,10.597,1,100,10.844,11.906,12.816,2,7,71.823,71.823,72.402,1,"Okay, maybe 60% correct","If they paused at a junction, I considered it as thinking",,Woman,21
2021-02-01 09:12:10,2021-02-01 09:14:17,IP Address,128.252.174.220,100,126,True,2021-02-01 09:14:17,R_3fW2V0wdg8cklPP,,,,,38.6432952880859375,-90.25749969482421875,anonymous,EN,Yes,5ec59e86c9569f5e8000717b,"To think about how to solve the maze and/or because they got distracted,Because they are a very cautious person",,,,,,,,,,,,,,,,,,,,,,,,,,,,,,,,,,,,,,,,,,,,,,,,,,,,,,,,,,,,,,,,,,,,,,,,,,,,,,,,,,,,,,,,,,,,,,,,,,,,,,,,,,,,,,,,,,,,,,,,,,,,,,
2021-02-01 09:07:17,2021-02-01 09:14:43,IP Address,72.203.103.99,100,445,True,2021-02-01 09:14:43,R_1d4yT4E2kU69lal,,,,,33.751495361328125,-118.36700439453125,anonymous,EN,Yes,5e69be2cd02ab2027bff5108,To think about how to solve the maze and/or because they got distracted,100,22.962,51.562,62.104,3,0,100,10.774,11.251,12.298,2,97,8.663,9.393,10.883,2,79,6.649,9.761,11.031,2,86,8.804,9.426,10.71,2,91,7.109,7.109,10.509,1,72,8.113,10.514,11.013,3,18,2.596,4.583,10.943,4,38,7.313,7.313,10.664,1,31,3.452,3.452,10.583,1,0,5.029,10.606,11.223,3,2,3.921,3.921,13.223,1,24,8.581,8.581,9.908,1,2,8.035,9.072,10.444,3,15,3.185,10.591,10.914,3,83,3.307,3.808,10.403,2,8,5.297,5.98,10.406,2,0,3.138,3.138,10.569,1,6,4.02,4.457,10.714,2,67,4.746,6.73,10.791,3,18,3.013,4.623,10.611,5,10,3.752,5.5,10.423,4,22,3.963,3.963,11.024,1,4,5.581,6.63,10.612,3,i think i was right about 60% of the time,based on the complexity of the maze and whether they were stopping at an intersection or not,no,Woman,22
2021-02-01 09:06:01,2021-02-01 09:14:50,IP Address,75.169.185.78,100,529,True,2021-02-01 09:14:50,R_Br0686WED7GQVfb,,,,,40.558197021484375,-111.92220306396484375,anonymous,EN,Yes,5d2fc2574fc1dd0017fe490a,To think about how to solve the maze and/or because they got distracted,100,71.715,71.715,73.296,1,0,0,17.338,17.338,19.844,1,0,12.953,12.953,13.858,1,0,13.256,13.256,14.289,1,72,12.991,12.991,13.785,1,51,10.071,10.071,11.714,1,0,9.869,9.869,12.008,1,16,11.497,11.497,12.718,1,100,11.625,11.625,12.526,1,51,11.631,11.631,12.5,1,0,11.703,11.703,12.73,1,51,11.227,11.227,12.366,1,0,10.239,10.239,11.205,1,100,11.448,11.448,12.831,1,0,12.108,12.108,13.142,1,0,15.286,15.286,16.138,1,0,10.934,11.34,12.454,2,100,18.112,18.112,21.373,1,0,10.286,10.286,11.795,1,0,11.858,11.858,12.765,1,0,11.658,11.658,12.491,1,0,10.802,10.802,11.663,1,100,12.823,12.823,13.844,1,0,12.503,12.503,13.651,1,50,If they paused at or near a potential decision point (multiple paths),None,Man,40
2021-02-01 09:03:10,2021-02-01 09:15:07,IP Address,73.52.248.77,100,716,True,2021-02-01 09:15:07,R_3QYotKMjre8b9bs,,,,,40.37750244140625,-79.9613037109375,anonymous,EN,Yes,5d54beb0c15b0700018d0211,To think about how to solve the maze and/or because they got distracted,100,24.509,24.838,62.243,2,0,14,13.734,13.734,14.484,1,62,10.943,10.943,11.7,1,88,8.604,8.604,28.248,1,100,8.201,8.201,45.408,1,83,9.255,9.255,14.376,1,69,8.215,8.891,34.526,3,45,9.355,9.696,27.026,2,94,9.557,9.852,43.838,2,37,7.855,7.855,34.622,1,64,9.819,10.148,11.019,2,100,9.579,11.295,12.28,2,0,8.342,9.246,10.026,3,97,40.845,40.845,41.331,1,0,9.595,10.992,11.576,2,14,23.445,24.306,25.42,4,36,8.598,10.244,10.611,3,0,9.424,9.424,10.566,1,16,8.357,10.311,11.142,4,25,8.22,8.22,10.729,1,42,18.339,20.532,21.21,7,34,6.802,6.802,10.569,1,10,6.523,6.523,10.552,1,12,3.94,11.53,12.207,3,I think I was correct for the majority,If the maze was simple or they were already very close to solving it I assumed they were distracted.,None,Man,32
2021-02-01 09:15:06,2021-02-01 09:15:39,IP Address,72.198.71.91,100,33,True,2021-02-01 09:15:39,R_1QmEWWz7NJLgmnE,,,,,35.514404296875,-97.5865020751953125,anonymous,EN,Yes,5f5d0f1ef559000de7e390c4,"To check what time it is,Because they got frozen,To think about how to solve the maze and/or because they got distracted,Because they are a very cautious person",,,,,,,,,,,,,,,,,,,,,,,,,,,,,,,,,,,,,,,,,,,,,,,,,,,,,,,,,,,,,,,,,,,,,,,,,,,,,,,,,,,,,,,,,,,,,,,,,,,,,,,,,,,,,,,,,,,,,,,,,,,,,,
2021-02-01 09:15:26,2021-02-01 09:16:13,IP Address,173.24.74.201,100,46,True,2021-02-01 09:16:13,R_sumwxMTtuiYkQ7f,,,,,38.93359375,-92.36299896240234375,anonymous,EN,Yes,5abc517c1667e40001d80d68,"To check what time it is,Because they got frozen,To think about how to solve the maze and/or because they got distracted,Because they are a very cautious person",,,,,,,,,,,,,,,,,,,,,,,,,,,,,,,,,,,,,,,,,,,,,,,,,,,,,,,,,,,,,,,,,,,,,,,,,,,,,,,,,,,,,,,,,,,,,,,,,,,,,,,,,,,,,,,,,,,,,,,,,,,,,,
2021-02-01 09:15:32,2021-02-01 09:16:25,IP Address,70.122.202.161,100,52,True,2021-02-01 09:16:25,R_1jSWcq4mpYY4BmV,,,,,30.4293060302734375,-97.720703125,anonymous,EN,Yes,5a7e02cc000dab00018c5e3c,"To check what time it is,To think about how to solve the maze and/or because they got distracted,Because they are a very cautious person",,,,,,,,,,,,,,,,,,,,,,,,,,,,,,,,,,,,,,,,,,,,,,,,,,,,,,,,,,,,,,,,,,,,,,,,,,,,,,,,,,,,,,,,,,,,,,,,,,,,,,,,,,,,,,,,,,,,,,,,,,,,,,
2021-02-01 09:08:21,2021-02-01 09:17:11,IP Address,104.185.102.34,100,530,True,2021-02-01 09:17:12,R_3s518uoU1VgCdyh,,,,,30.5178985595703125,-87.22530364990234375,anonymous,EN,Yes,5c6071a1e1df700001ca8bf1,To think about how to solve the maze and/or because they got distracted,100,66.839,66.839,69.219,1,0,100,12.266,12.266,13.772,1,0,11.618,11.618,13.298,1,0,9.91,9.91,11.627,1,100,11.347,11.347,12.744,1,100,7.963,9.285,11.209,2,0,9.698,9.698,11.159,1,0,10.096,10.096,11.351,1,100,9.424,9.424,10.815,1,0,8.488,8.488,11.461,1,50,9.883,9.883,11.083,1,50,8.98,8.98,11.126,1,0,10.502,10.502,11.601,1,100,9.679,9.679,11.106,1,0,18.002,18.002,21.337,1,0,11.553,11.553,12.64,1,0,9.259,9.259,10.835,1,100,9.686,9.686,10.874,1,0,11.633,11.633,12.65,1,0,9.728,9.728,10.798,1,0,9.005,10.493,11.466,2,0,8.544,8.544,11.492,1,100,9.023,9.023,10.573,1,100,8.058,8.058,10.836,1,I think I was right most of the time.,I decided based on where they paused.,no,Woman,39
2021-02-01 09:16:16,2021-02-01 09:17:24,IP Address,47.5.165.70,100,68,True,2021-02-01 09:17:25,R_2AKl6bbGbdUMX36,,,,,34.00140380859375,-84.01439666748046875,anonymous,EN,Yes,6016e1313933ff8ca5de06e5,"To check what time it is,To think about how to solve the maze and/or because they got distracted,Because they are a very cautious person",,,,,,,,,,,,,,,,,,,,,,,,,,,,,,,,,,,,,,,,,,,,,,,,,,,,,,,,,,,,,,,,,,,,,,,,,,,,,,,,,,,,,,,,,,,,,,,,,,,,,,,,,,,,,,,,,,,,,,,,,,,,,,
2021-02-01 09:10:23,2021-02-01 09:17:42,IP Address,104.32.181.72,100,438,True,2021-02-01 09:17:42,R_2wudAwHKEyHzrlY,,,,,34.032196044921875,-118.283599853515625,anonymous,EN,Yes,5b9ece575813c900011800ae,To think about how to solve the maze and/or because they got distracted,100,19.76,61.27,62.275,3,0,100,1.699,10.904,11.241,4,0,16.511,16.511,18.005,1,0,8.443,8.443,10.653,1,100,15.485,15.485,17.141,1,62,8.539,8.539,10.756,1,0,7.581,10.043,10.693,2,0,7.449,7.449,10.65,1,93,8.072,8.072,10.511,1,0,5.912,5.912,11.083,1,81,7.577,7.577,10.958,1,74,6.315,6.315,10.575,1,0,7.844,7.844,8.835,1,93,5.977,5.977,10.979,1,0,5.63,5.63,10.688,1,0,5.903,7.818,10.59,2,0,6.976,6.976,10.603,1,100,8.019,8.019,10.681,1,6,10.954,10.954,12.625,1,31,7.21,7.21,10.916,1,0,11.616,12.999,13.777,3,0,5.574,5.574,10.679,1,86,7.097,7.813,10.933,2,8,16.504,18.397,19.408,3,80%,Depending on when their pause was (was it during an intersection)?,,Man,20
2021-02-01 09:17:49,2021-02-01 09:18:49,IP Address,76.111.252.83,100,60,True,2021-02-01 09:18:49,R_22S1n2oDjsqY9Dp,,,,,26.5991058349609375,-80.1284027099609375,anonymous,EN,Yes,60133757f791c41b3bb5814b,"To check what time it is,To think about how to solve the maze and/or because they got distracted,Because they are a very cautious person",,,,,,,,,,,,,,,,,,,,,,,,,,,,,,,,,,,,,,,,,,,,,,,,,,,,,,,,,,,,,,,,,,,,,,,,,,,,,,,,,,,,,,,,,,,,,,,,,,,,,,,,,,,,,,,,,,,,,,,,,,,,,,
2021-02-01 09:16:51,2021-02-01 09:18:58,IP Address,198.74.4.17,100,127,True,2021-02-01 09:18:59,R_2pQx9GB5qAlTm2h,,,,,44.9427032470703125,-93.28710174560546875,anonymous,EN,Yes,5fbe65bd0e7a000256b48a59,To think about how to solve the maze and/or because they got distracted,100,67.899,67.899,68.852,1,100,,,,,,,,,,,,,,,,,,,,,,,,,,,,,,,,,,,,,,,,,,,,,,,,,,,,,,,,,,,,,,,,,,,,,,,,,,,,,,,,,,,,,,,,,,,,,,,,,,,,,,,,,,,,,,,,,,,,,,,,
2021-02-01 09:11:25,2021-02-01 09:19:31,IP Address,67.250.97.90,100,486,True,2021-02-01 09:19:31,R_3NWeA752T0r7To9,,,,,40.5697021484375,-74.11840057373046875,anonymous,EN,Yes,5e9a90794a7e88127a8fe01e,To think about how to solve the maze and/or because they got distracted,100,57.013,57.013,63.028,1,0,100,12.336,12.336,12.988,1,48,12.439,12.439,13.509,1,100,12.635,13.368,13.851,2,100,8.036,8.036,10.757,1,39,8.466,10.595,11.108,3,78,9.877,9.877,10.77,1,71,10.578,10.578,11.188,1,87,10.081,10.698,11.424,2,71,13.42,15.749,17.296,3,27,7.954,11.572,11.995,3,100,8.505,8.505,10.344,1,0,7.151,7.151,10.721,1,67,9.38,10.602,10.886,2,63,20.299,20.299,20.976,1,36,9.332,9.332,10.403,1,66,14.462,16.722,17.238,2,60,10.736,10.736,11.211,1,19,10.896,11.231,11.788,2,35,8.325,8.325,10.395,1,14,9.187,9.187,10.419,1,21,10.265,10.265,10.871,1,28,8.641,10.767,11.363,2,51,10.828,10.828,11.282,1,I think I was right for a little bit more than half the time,"I checked where they were in the maze and maze difficulty. If it was an easy maze and they were close to the end but paused I often chose distracted. ",,Man,20
2021-02-01 09:20:22,2021-02-01 09:21:15,IP Address,162.236.216.221,100,52,True,2021-02-01 09:21:15,R_2rPf5qZoxoBwREQ,,,,,32.5316925048828125,-92.1768035888671875,anonymous,EN,Yes,5b086164d45f06000175fc26,"To check what time it is,To think about how to solve the maze and/or because they got distracted,Because they are a very cautious person",,,,,,,,,,,,,,,,,,,,,,,,,,,,,,,,,,,,,,,,,,,,,,,,,,,,,,,,,,,,,,,,,,,,,,,,,,,,,,,,,,,,,,,,,,,,,,,,,,,,,,,,,,,,,,,,,,,,,,,,,,,,,,
2021-02-01 09:20:44,2021-02-01 09:21:27,IP Address,68.253.114.251,100,43,True,2021-02-01 09:21:27,R_3flCNJRh82qR7e3,,,,,37.966796875,-87.49120330810546875,anonymous,EN,Yes,5ba3f1f8f94d410001fac15a,"Because they got frozen,To think about how to solve the maze and/or because they got distracted",,,,,,,,,,,,,,,,,,,,,,,,,,,,,,,,,,,,,,,,,,,,,,,,,,,,,,,,,,,,,,,,,,,,,,,,,,,,,,,,,,,,,,,,,,,,,,,,,,,,,,,,,,,,,,,,,,,,,,,,,,,,,,
2021-02-01 09:12:06,2021-02-01 09:21:38,IP Address,107.12.154.128,100,572,True,2021-02-01 09:21:39,R_W3rT9gEt6AwZfQ5,,,,,34.7769927978515625,-77.37689971923828125,anonymous,EN,Yes,5fa8b4123a3f0d7a4aab8ef3,To think about how to solve the maze and/or because they got distracted,100,2.788,66.827,72.865,8,0,81,1.081,14.968,16.275,3,1,10.464,11.666,13.017,2,2,9.39,10.994,11.979,3,29,9.899,10.698,12.082,2,34,15.737,17.848,18.777,2,0,10.369,12.141,12.554,3,5,9.302,10.128,10.923,2,97,10.473,11.889,12.645,3,1,10.002,10.638,11.301,2,40,10.417,11.878,12.497,3,10,7.732,9.534,10.789,3,43,9.559,10.627,11.354,2,33,7.347,8.709,10.823,3,39,7.526,9.189,10.927,3,0,10.065,10.837,11.851,2,33,2.528,15.061,15.874,4,69,1.99,8.143,11.621,4,51,6.278,9.839,10.756,4,0,51.556,52.271,53.016,2,6,1.791,9.894,10.724,5,13,5.82,7.727,10.735,3,20,6.913,8.464,10.925,3,1,1.905,10.061,10.824,5,I think I did pretty ok,Depending on where they stopped,thanks,Woman,40
2021-02-01 09:16:49,2021-02-01 09:21:45,IP Address,174.247.8.111,100,295,True,2021-02-01 09:21:45,R_24r6WbGtAcaAIr1,,,,,35.6383056640625,-79.8556976318359375,anonymous,EN,Yes,5fa41b2566f7a301b30792d5,To think about how to solve the maze and/or because they got distracted,41,,,,,,,,,,,,,,,,,,,,,,,,,,,,,,,,,,,,,,,,,,,,,,,,,,,,,,,,,,,,,,,,,,,,,,,,,,,,,,,,,,,,,,,,,,,,,,,,,,,,,,,,,,,,,,,,,,,,,,,,,,,,,
2021-02-01 09:20:14,2021-02-01 09:21:58,IP Address,137.25.207.50,100,103,True,2021-02-01 09:21:58,R_30bFER3ckEkmEce,,,,,34.480194091796875,-117.4093017578125,anonymous,EN,Yes,5d4b14caed2dfc0001a22c1a,"To check what time it is,To think about how to solve the maze and/or because they got distracted,Because they are a very cautious person",,,,,,,,,,,,,,,,,,,,,,,,,,,,,,,,,,,,,,,,,,,,,,,,,,,,,,,,,,,,,,,,,,,,,,,,,,,,,,,,,,,,,,,,,,,,,,,,,,,,,,,,,,,,,,,,,,,,,,,,,,,,,,
2021-02-01 09:14:00,2021-02-01 09:22:20,IP Address,98.236.219.98,100,499,True,2021-02-01 09:22:20,R_1E5InX6xLaGUSoi,,,,,40.4965057373046875,-80.20600128173828125,anonymous,EN,Yes,5bdf4540378c3d000161e102,To think about how to solve the maze and/or because they got distracted,100,70.39,70.39,72.804,1,0,94,16.902,16.902,18.407,1,32,9.071,9.071,11.033,1,12,9.401,10.431,11.657,2,94,10.212,10.212,11.442,1,0,15.001,22.039,23.25,2,0,9.053,9.857,12.001,2,7,9.6,10.476,11.063,2,85,9.826,11.264,11.963,3,0,9.79,10.583,11.255,2,51,7.932,9.749,10.663,4,100,8.694,10.509,10.911,3,30,7.828,7.828,8.759,1,91,9.324,10.076,11.121,2,1,9.284,9.989,10.633,2,51,8.532,11.103,12.1,4,51,8.928,9.643,11.07,2,99,9.097,10.351,10.824,3,24,7.837,9.946,11.301,3,51,7.531,10.281,10.765,4,0,8.469,10.62,10.985,3,0,8.451,9.582,10.871,2,86,7.619,8.324,10.659,2,0,7.173,9.562,10.538,3,Maybe 80%,Depending on the difficulty of the maze and length of time they paused,No thank you! I hope I wasn't too judgey. Sometimes people like to think through the entire maze.,Woman,28
2021-02-01 09:21:44,2021-02-01 09:22:30,IP Address,73.119.120.196,100,46,True,2021-02-01 09:22:30,R_u9fKJRMagGlUIuJ,,,,,42.711700439453125,-71.16629791259765625,anonymous,EN,Yes,58820ef3846b830001085942,"To check what time it is,To think about how to solve the maze and/or because they got distracted,Because they are a very cautious person",,,,,,,,,,,,,,,,,,,,,,,,,,,,,,,,,,,,,,,,,,,,,,,,,,,,,,,,,,,,,,,,,,,,,,,,,,,,,,,,,,,,,,,,,,,,,,,,,,,,,,,,,,,,,,,,,,,,,,,,,,,,,,
2021-02-01 09:21:36,2021-02-01 09:22:32,IP Address,134.210.224.233,100,55,True,2021-02-01 09:22:32,R_2dnoTkYlUkZK4tI,,,,,39.472198486328125,-74.45659637451171875,anonymous,EN,Yes,5ef531568086c019034dcef7,To think about how to solve the maze and/or because they got distracted,84,,,,,,,,,,,,,,,,,,,,,,,,,,,,,,,,,,,,,,,,,,,,,,,,,,,,,,,,,,,,,,,,,,,,,,,,,,,,,,,,,,,,,,,,,,,,,,,,,,,,,,,,,,,,,,,,,,,,,,,,,,,,,
2021-02-01 09:11:48,2021-02-01 09:23:07,IP Address,107.77.223.110,100,679,True,2021-02-01 09:23:08,R_3Em94zmUXPKEBOZ,,,,,40.8280029296875,-73.868499755859375,anonymous,EN,Yes,5e9558165c273912f2efbbe4,To think about how to solve the maze and/or because they got distracted,100,11.807,84.065,85.325,10,0,89,2.951,26.54,28.211,7,0,1.197,21.387,23.104,5,77,15.607,28.508,30.097,23,100,12.522,13.705,15.276,2,0,13.966,18.034,18.488,5,0,14.55,15.103,16.921,2,100,11.256,12.979,14.079,4,100,15.298,16.45,18.554,3,48,14.172,15.957,16.908,3,27,12.198,13.717,14.206,3,85,20.974,23.53,24.695,5,3,14.294,14.996,17.934,2,100,10.481,12.417,12.74,3,0,11.843,12.243,13.664,2,50,2.945,17.984,19.185,4,26,11.923,12.528,14.622,2,100,11.875,13.307,13.877,4,24,11.793,12.645,13.768,2,50,13.81,15.576,16.068,3,0,11.639,12.08,13.14,2,33,13.568,14.201,14.899,2,100,0.609,18.065,19.301,5,0,12.625,14.328,14.994,4,95% of the time,I chose thinking if I felt that their paws was quicker and the location made sense. It didn't make sense for someone to pause on a straight path after they've already decided to go down that path. Distracted positive seem to be longer and in weird spots.,I chose thinking if I felt that their paws was quicker and the location made sense. It didn't make sense for someone to pause on a straight path after they've already decided to go down that path. Distracted positive seem to be longer and in weird spots.,Woman,23
2021-02-01 09:14:44,2021-02-01 09:23:22,IP Address,99.162.225.12,100,518,True,2021-02-01 09:23:22,R_11ZJPcTzj7jNHHx,,,,,36.122802734375,-79.666900634765625,anonymous,EN,Yes,5f765a3c8a6ec010370c9cc1,To think about how to solve the maze and/or because they got distracted,100,43.187,43.187,65.47,1,0,100,9.422,9.422,11.149,1,0,10.48,10.48,11.109,1,0,7.394,11.381,11.836,2,100,8.237,8.766,12.915,2,100,6.702,6.702,11.089,1,0,8.424,8.424,12.609,1,36,5.295,5.295,11.099,1,100,8.276,8.276,10.965,1,0,8.316,18.841,19.123,2,100,6.812,6.812,13.431,1,100,22.83,22.83,23.657,1,0,6.292,7.783,8.14,2,100,5.591,12.092,12.391,2,100,7.628,7.628,10.479,1,0,6.077,6.582,10.67,2,0,9.903,10.389,11.633,2,100,10.756,10.756,12.4,1,100,7.079,7.079,25.25,1,0,5.764,5.764,10.301,1,0,5.405,6.165,10.626,2,0,5.679,5.679,10.98,1,100,9.431,9.431,12.2,1,0,5.749,5.749,10.388,1,80%,"based upon how many options they had ",,Man,21
2021-02-01 09:15:58,2021-02-01 09:23:29,IP Address,73.23.4.12,100,451,True,2021-02-01 09:23:29,R_1JDc7dGvuOxgNWE,,,,,26.2519073486328125,-81.76360321044921875,anonymous,EN,Yes,5f839de3c11409537caccb9c,To think about how to solve the maze and/or because they got distracted,100,29.768,62.072,63.232,5,0,100,12.369,12.369,13.264,1,0,11.191,11.191,12.177,1,0,8.556,8.556,11.034,1,100,8.873,8.873,10.947,1,48,11.333,11.893,12.787,2,0,10.953,10.953,12.215,1,29,7.847,7.847,10.704,1,100,7.646,9.066,11.156,2,18,8.257,8.257,11.003,1,51,9.454,9.454,10.809,1,78,8.147,8.147,10.853,1,75,9.242,9.242,10.487,1,64,10.1,10.1,11.217,1,0,9.876,10.813,11.685,2,67,7.239,7.239,10.554,1,3,7.518,7.518,10.59,1,100,7.973,7.973,10.903,1,5,13.36,13.36,14.227,1,52,7.896,7.896,10.685,1,0,10.274,10.274,11.541,1,27,10.943,10.943,12.381,1,100,7.557,7.557,10.842,1,51,10.748,10.748,11.914,1,I think I was right about 70% of the time.,"I looked at where they were in the game, and if they were near an opening, and made a decision based on how long they paused.",No comments other than that this reminded me of PacMan!,Woman,21
2021-02-01 09:23:04,2021-02-01 09:23:50,IP Address,68.39.65.227,100,45,True,2021-02-01 09:23:50,R_2wBsdtZJqgl1gZi,,,,,39.84869384765625,-86.37819671630859375,anonymous,EN,Yes,5e95b96f2f9150000aca3962,"To check what time it is,Because they got frozen,To think about how to solve the maze and/or because they got distracted,Because they are a very cautious person",,,,,,,,,,,,,,,,,,,,,,,,,,,,,,,,,,,,,,,,,,,,,,,,,,,,,,,,,,,,,,,,,,,,,,,,,,,,,,,,,,,,,,,,,,,,,,,,,,,,,,,,,,,,,,,,,,,,,,,,,,,,,,
2021-02-01 09:15:04,2021-02-01 09:24:00,IP Address,108.50.195.21,100,536,True,2021-02-01 09:24:01,R_3EnF1rBxnkSUwHD,,,,,40.49920654296875,-74.499603271484375,anonymous,EN,Yes,5f877b0fdf57661a49364047,To think about how to solve the maze and/or because they got distracted,100,33.297,34.934,63.04,2,0,99,15.574,15.574,18.083,1,73,11.097,11.097,12.333,1,78,9.712,9.712,11.004,1,95,12.465,12.465,14.681,1,0,28.722,28.722,29.548,1,0,11.297,11.297,18.934,1,29,9.471,9.471,11.4,1,100,12.832,12.832,17.031,1,0,10.201,10.201,32.477,1,37,10.543,10.543,12.032,1,94,8.884,12.281,12.969,2,0,10.101,12.53,13.377,2,100,8.928,10.285,11.689,2,22,9.133,9.133,11.051,1,2,15.285,17.742,19.984,2,59,10.126,10.126,11.343,1,79,10.057,10.057,11.3,1,0,8.366,8.366,13.905,1,7,9.167,9.167,10.978,1,81,10.603,13.458,14.423,2,59,9.268,9.268,10.764,1,92,6.78,12.121,12.78,3,0,9.078,10.341,11.376,2,"Fairly well, but I might have been biased by how fast I solved the mazes.","Where they were in the maze (e.g. at a crossroads or not), how long they took, if the exit was close by/obvious.",,Woman,23
2021-02-01 09:15:35,2021-02-01 09:24:17,IP Address,47.14.104.51,100,522,True,2021-02-01 09:24:17,R_1mC2PA4DDz0K5bh,,,,,42.11529541015625,-71.664398193359375,anonymous,EN,Yes,5ed29b1e45e0e32085302ab3,To think about how to solve the maze and/or because they got distracted,100,72.345,72.345,73.841,1,0,86,12.5,13.338,14.756,2,18,14.272,14.272,15.426,1,0,11.508,12.212,13.416,2,100,18.34,18.34,19.641,1,14,11.43,12.873,14.505,3,0,11.993,11.993,13.587,1,6,9.802,9.802,11.351,1,100,9.444,11.039,11.941,2,5,9.736,9.736,11.391,1,0,9.19,9.19,11.26,1,100,9.699,9.699,11.044,1,0,7.621,7.621,8.939,1,100,14.228,19.955,28.781,5,0,7.434,10.568,11.183,4,0,9.459,10.972,11.609,2,0,9.001,9.001,10.82,1,47,11.475,11.475,12.558,1,0,8.8,8.8,10.935,1,0,8.487,10.286,11.645,3,0,8.573,9.442,10.985,2,8,7.079,7.723,10.83,2,100,8.966,11.015,14.697,3,100,29.146,29.146,30.608,1,80%,I based it on if they stopped at a decision point/how obvious the next move was and how long it took them to make the decision.,Nope!,Woman,32
2021-02-01 09:14:55,2021-02-01 09:24:25,IP Address,104.159.183.195,100,570,True,2021-02-01 09:24:26,R_1QN0WQuoOLb4Fd3,,,,,46.815399169921875,-92.19519805908203125,anonymous,EN,Yes,5dcf125e8f45b906381b00fa,To think about how to solve the maze and/or because they got distracted,100,91.036,91.036,105.245,1,0,100,14.889,14.889,16.266,1,0,15.7,15.7,17.028,1,25,13.936,13.936,16.603,1,100,15.5,15.5,16.681,1,100,11.367,11.367,12.309,1,0,14.674,14.674,15.719,1,10,12.526,12.526,13.433,1,100,10.142,11.434,11.98,2,10,12.349,12.349,13.444,1,30,9.898,9.898,10.968,1,100,9.595,9.595,10.907,1,0,10.039,10.039,11.509,1,100,9.784,9.784,11.245,1,0,10.538,10.538,11.504,1,0,11.005,11.005,12.2,1,25,14.729,14.729,15.797,1,60,8.674,8.674,10.864,1,0,10.729,10.729,11.572,1,75,10.515,10.515,11.201,1,11,9.338,9.338,11.122,1,0,12.898,12.898,16.159,1,66,13.272,13.272,14.371,1,20,11.774,11.774,12.779,1,60%,"Based on the difficulty of the maze, and the position they paused at.",,Man,38
2021-02-01 09:13:49,2021-02-01 09:25:13,IP Address,174.105.62.217,100,684,True,2021-02-01 09:25:13,R_sAOKyBTjyRQNuZr,,,,,40.5912017822265625,-83.12580108642578125,anonymous,EN,Yes,5eb1f5a1ea17ac343ea0c4d1,To think about how to solve the maze and/or because they got distracted,100,15.131,75.04,76.672,4,0,57,1.97,22.836,23.991,5,50,12.336,16.949,18.04,2,62,19.386,21.515,23.064,2,0,6.222,22.892,24.044,3,0,11.278,18.165,19.485,3,100,4.254,20.092,21.502,4,100,17.536,19.279,20.235,2,100,11.106,16.369,17.904,2,50,3.538,11.765,12.99,3,44,3.352,25.457,26.54,5,100,14.186,16.593,17.91,2,0,11.479,14.43,15.473,2,100,14.636,17.738,18.58,2,43,4.827,24.779,25.812,4,0,14.294,16.519,17.702,2,50,19.323,23.753,24.763,2,0,22.017,23.705,24.749,2,11,9.55,11.486,13.187,2,16,11.336,13.932,15.36,2,0,3.557,13.361,14.421,3,0,10.968,13.792,14.971,3,9,4.25,15.806,17.047,3,100,9.295,11.252,12.119,2,50 percent,I looked at where they were in the maze and how long the pause was.,"This was fun. ",Woman,35
2021-02-01 09:25:40,2021-02-01 09:26:19,IP Address,71.201.163.254,100,38,True,2021-02-01 09:26:20,R_1Nn6n4D4hzZInnP,,,,,42.23089599609375,-88.33789825439453125,anonymous,EN,Yes,5f7bd2ac86b8281d3e863206,"To check what time it is,To think about how to solve the maze and/or because they got distracted,Because they are a very cautious person",,,,,,,,,,,,,,,,,,,,,,,,,,,,,,,,,,,,,,,,,,,,,,,,,,,,,,,,,,,,,,,,,,,,,,,,,,,,,,,,,,,,,,,,,,,,,,,,,,,,,,,,,,,,,,,,,,,,,,,,,,,,,,
2021-02-01 09:25:46,2021-02-01 09:27:01,IP Address,174.53.167.18,100,74,True,2021-02-01 09:27:01,R_27srRwGD3P2pfyj,,,,,45.1183929443359375,-93.346099853515625,anonymous,EN,Yes,5fac4559a8254b1d0327266f,"To check what time it is,To think about how to solve the maze and/or because they got distracted",,,,,,,,,,,,,,,,,,,,,,,,,,,,,,,,,,,,,,,,,,,,,,,,,,,,,,,,,,,,,,,,,,,,,,,,,,,,,,,,,,,,,,,,,,,,,,,,,,,,,,,,,,,,,,,,,,,,,,,,,,,,,,
2021-02-01 09:26:20,2021-02-01 09:27:06,IP Address,76.244.27.217,100,45,True,2021-02-01 09:27:06,R_3jZK34MSKeIj8kl,,,,,38.21319580078125,-84.545501708984375,anonymous,EN,Yes,5ef954f7d113686fad0a1008,"To check what time it is,Because they got frozen,To think about how to solve the maze and/or because they got distracted,Because they are a very cautious person",,,,,,,,,,,,,,,,,,,,,,,,,,,,,,,,,,,,,,,,,,,,,,,,,,,,,,,,,,,,,,,,,,,,,,,,,,,,,,,,,,,,,,,,,,,,,,,,,,,,,,,,,,,,,,,,,,,,,,,,,,,,,,
2021-02-01 09:25:33,2021-02-01 09:27:17,IP Address,4.53.109.190,100,104,True,2021-02-01 09:27:17,R_2ze7k4Ookt9emsQ,,,,,33.3907928466796875,-111.91840362548828125,anonymous,EN,Yes,5dfda52097234ba7a779bea7,"To check what time it is,To think about how to solve the maze and/or because they got distracted,Because they are a very cautious person",,,,,,,,,,,,,,,,,,,,,,,,,,,,,,,,,,,,,,,,,,,,,,,,,,,,,,,,,,,,,,,,,,,,,,,,,,,,,,,,,,,,,,,,,,,,,,,,,,,,,,,,,,,,,,,,,,,,,,,,,,,,,,
2021-02-01 09:18:03,2021-02-01 09:27:35,IP Address,97.90.201.249,100,572,True,2021-02-01 09:27:35,R_qD5lfG8gu6PapyN,,,,,33.9951934814453125,-117.5218963623046875,anonymous,EN,Yes,5ea0bb3b21f4e40b15f1953c,To think about how to solve the maze and/or because they got distracted,100,5.47,101.719,115.992,3,0,30,14.89,14.89,15.797,1,25,16.402,17.289,18.01,2,40,12.916,12.916,14.286,1,11,8.614,11.068,11.733,2,100,10.826,10.826,11.513,1,0,19.288,19.288,20.434,1,70,9.829,9.829,10.942,1,100,9.928,9.928,10.95,1,10,10.538,10.538,11.194,1,0,25.326,25.326,25.938,1,51,10.405,10.405,11.112,1,10,9.466,9.466,10.138,1,50,9.422,11.055,11.817,2,0,10.304,10.304,11.289,1,12,44.769,44.769,45.754,1,0,10.529,10.529,11.555,1,80,25.645,25.645,26.245,1,70,8.625,8.625,10.601,1,21,9.606,10.999,11.498,3,0,7.372,10.683,10.995,3,0,8.832,8.832,10.62,1,71,9.272,9.272,11.015,1,0,9.865,9.865,11,1,I feel I was right on at least 80% of them.,Location and time of pause,,Man,31
2021-02-01 09:26:21,2021-02-01 09:27:39,IP Address,99.31.193.136,100,78,True,2021-02-01 09:27:40,R_3ETnemxQrhQg9Uz,,,,,32.72259521484375,-97.07849884033203125,anonymous,EN,Yes,5ea526839ad11e4faa8e3318,To think about how to solve the maze and/or because they got distracted,49,,,,,,,,,,,,,,,,,,,,,,,,,,,,,,,,,,,,,,,,,,,,,,,,,,,,,,,,,,,,,,,,,,,,,,,,,,,,,,,,,,,,,,,,,,,,,,,,,,,,,,,,,,,,,,,,,,,,,,,,,,,,,
2021-02-01 09:20:30,2021-02-01 09:28:15,IP Address,75.144.202.190,100,464,True,2021-02-01 09:28:15,R_1HdSl7AbWQEpLLY,,,,,42.682098388671875,-71.111602783203125,anonymous,EN,Yes,5dee9c7edf55eb54617858d6,"To think about how to solve the maze and/or because they got distracted,Because they are a very cautious person",,,,,,,,,,,,,,,,,,,,,,,,,,,,,,,,,,,,,,,,,,,,,,,,,,,,,,,,,,,,,,,,,,,,,,,,,,,,,,,,,,,,,,,,,,,,,,,,,,,,,,,,,,,,,,,,,,,,,,,,,,,,,,
2021-02-01 09:19:04,2021-02-01 09:28:43,IP Address,24.167.168.139,100,579,True,2021-02-01 09:28:44,R_1DwC00Y941lq9hK,,,,,36.032196044921875,-79.85880279541015625,anonymous,EN,Yes,56f2a49ced0cf600069131cd,To think about how to solve the maze and/or because they got distracted,100,9.907,66.689,67.466,5,7,61,9.615,15.631,16.528,4,14,7.251,15.336,16.4,7,51,8.998,11.615,12.516,3,9,4.909,17.688,19.134,4,85,9.724,12.789,13.626,3,4,4.488,12.615,13.569,4,51,9.535,13.184,14.004,3,85,3.173,12.059,12.777,4,54,2.836,17.075,18.286,4,40,3.507,10.429,11.393,3,63,3.094,12.475,13.131,3,38,1.94,11.01,12.024,2,59,3.351,13.094,13.906,3,24,2.213,11.949,13.146,5,44,2.439,13.212,14.368,3,36,7.92,9.948,11.47,3,88,4.246,12.79,13.889,4,18,9.857,13.776,14.785,3,30,23.563,25.633,26.477,3,2,8.185,10.606,11.518,3,57,5.024,12.028,14.236,2,90,3.305,10.564,11.404,4,10,19.687,22.658,23.29,2,75% of the time,Sometimes people stopped during the maze when there wasn't any turns.,,Woman,31
2021-02-01 09:28:45,2021-02-01 09:29:18,IP Address,73.110.46.89,100,33,True,2021-02-01 09:29:19,R_3hhYPAdHI3evK2R,,,,,41.97039794921875,-87.7035980224609375,anonymous,EN,Yes,5f6cde418d7ea80f7e5e6939,"To check what time it is,Because they got frozen,To think about how to solve the maze and/or because they got distracted,Because they are a very cautious person",,,,,,,,,,,,,,,,,,,,,,,,,,,,,,,,,,,,,,,,,,,,,,,,,,,,,,,,,,,,,,,,,,,,,,,,,,,,,,,,,,,,,,,,,,,,,,,,,,,,,,,,,,,,,,,,,,,,,,,,,,,,,,
2021-02-01 09:28:11,2021-02-01 09:30:07,IP Address,69.221.235.86,100,116,True,2021-02-01 09:30:07,R_3Jt3rH6SbcGxb49,,,,,35.1313018798828125,-84.875,anonymous,EN,Yes,5fc5011a78eea208787ef509,"To check what time it is,Because they got frozen,To think about how to solve the maze and/or because they got distracted,Because they are a very cautious person",,,,,,,,,,,,,,,,,,,,,,,,,,,,,,,,,,,,,,,,,,,,,,,,,,,,,,,,,,,,,,,,,,,,,,,,,,,,,,,,,,,,,,,,,,,,,,,,,,,,,,,,,,,,,,,,,,,,,,,,,,,,,,
2021-02-01 09:20:38,2021-02-01 09:30:10,IP Address,107.13.218.71,100,571,True,2021-02-01 09:30:10,R_3Ht2dm0uK78ZDtQ,,,,,35.6352996826171875,-78.4503021240234375,anonymous,EN,Yes,5e5d641259df370779040d9e,To think about how to solve the maze and/or because they got distracted,100,62.197,72.56,74.501,2,0,100,12.972,12.972,14.766,1,0,11.191,11.191,12.256,1,0,10.3,12.282,13.254,2,94,11.542,12.3,13.69,2,40,11.2,11.2,12.858,1,0,11.4,11.4,13.81,1,0,11.084,11.084,13.152,1,100,11.7,11.7,13.203,1,0,12.1,12.1,14.228,1,46,11.959,11.959,14.817,1,46,10.601,10.601,12.868,1,0,10.7,10.7,12.63,1,100,10.501,10.501,11.799,1,85,12.046,12.046,13.528,1,0,11.701,11.701,13.026,1,3,18.4,18.4,20.421,1,100,10.601,10.601,11.76,1,2,11.493,13.901,15.737,2,0,9.999,9.999,12.556,1,0,10.801,14.9,16.002,3,0,11.473,11.473,12.501,1,99,9.241,9.241,10.87,1,5,10,10,12.16,1,I think I was right about 90% of the time.,I based my decision on where the person paused and how obvious the next move should have been.,,Man,33
2021-02-01 09:13:44,2021-02-01 09:30:12,IP Address,69.109.190.181,100,988,True,2021-02-01 09:30:13,R_3Rkk5fMdgBsySpZ,,,,,32.7794036865234375,-117.1365966796875,anonymous,EN,Yes,5ecb5f8b69a975300877e1e4,To think about how to solve the maze and/or because they got distracted,50,,,,,,,,,,,,,,,,,,,,,,,,,,,,,,,,,,,,,,,,,,,,,,,,,,,,,,,,,,,,,,,,,,,,,,,,,,,,,,,,,,,,,,,,,,,,,,,,,,,,,,,,,,,,,,,,,,,,,,,,,,,,,
2021-02-01 09:29:32,2021-02-01 09:30:14,IP Address,104.54.74.27,100,42,True,2021-02-01 09:30:15,R_9H0ADk4u7ox94Zj,,,,,36.0229034423828125,-78.94640350341796875,anonymous,EN,Yes,5f345490d929cc1a6e927496,"To check what time it is,To think about how to solve the maze and/or because they got distracted,Because they are a very cautious person",,,,,,,,,,,,,,,,,,,,,,,,,,,,,,,,,,,,,,,,,,,,,,,,,,,,,,,,,,,,,,,,,,,,,,,,,,,,,,,,,,,,,,,,,,,,,,,,,,,,,,,,,,,,,,,,,,,,,,,,,,,,,,
2021-02-01 09:17:55,2021-02-01 09:30:19,IP Address,73.132.158.245,100,743,True,2021-02-01 09:30:19,R_1jSNCh5MmyJmlw5,,,,,38.7592010498046875,-76.98580169677734375,anonymous,EN,Yes,5fabf60a1d67830bec1b3625,To think about how to solve the maze and/or because they got distracted,100,75.378,75.378,77.733,1,0,100,14.835,14.835,17.87,1,0,14.759,14.759,15.982,1,10,13.614,13.614,17.154,1,95,19.644,19.644,22.266,1,15,14.234,14.234,15.625,1,25,12.901,30.077,31.473,2,95,13.102,23.32,24.245,2,75,14.25,14.25,15.357,1,0,14.824,14.824,15.564,1,0,21.795,21.795,23.823,1,29,12.671,12.671,13.732,1,0,41.726,41.726,43.471,1,75,32.928,32.928,35.229,1,15,15.704,15.704,16.677,1,0,10.069,10.069,11.2,1,15,11.614,11.614,12.761,1,80,9.6,9.6,10.967,1,0,15.96,15.96,16.698,1,0,13.22,13.22,13.917,1,0,10.348,10.348,11.276,1,10,10.495,10.495,11.883,1,25,11.659,11.659,13.962,1,0,12.99,12.99,14.019,1,75%,how simple the maze was; how long the pause was; what I would have been doing,no,Woman,49
2021-02-01 09:20:10,2021-02-01 09:30:27,IP Address,68.0.235.107,100,617,True,2021-02-01 09:30:28,R_6nYn1adg28RWktr,,,,,41.6925048828125,-71.57050323486328125,anonymous,EN,Yes,5f8ff4c16371760252edef17,To think about how to solve the maze and/or because they got distracted,100,57.693,59.385,61.824,2,0,100,11.886,11.886,12.576,1,0,17.763,19.197,28.849,3,0,7.722,8.714,15.503,2,75,9.469,9.469,14.966,1,50,9.374,9.374,14.526,1,50,8.001,8.001,11.393,1,0,32.608,32.608,33.643,1,100,9.6,9.6,10.805,1,15,14.308,15.331,15.953,2,100,17.42,17.42,18.051,1,75,11.453,11.453,12.158,1,50,6.015,6.015,8.015,1,0,13.911,13.911,14.837,1,0,7.689,9.679,10.782,2,0,11.184,11.184,11.746,1,0,7.824,7.824,11.754,1,100,26.493,26.493,27.46,1,50,10.127,10.127,10.993,1,50,8.413,10.439,10.889,2,25,12.947,13.637,13.969,2,0,13.082,13.082,13.918,1,100,15.926,15.926,16.875,1,25,9.18,9.18,10.48,1,40%,"Looked at where they were paused at,. If there were two directions to go in, I assumed they were thinking. ",,Woman,22
2021-02-01 09:30:14,2021-02-01 09:31:13,IP Address,69.221.235.86,100,59,True,2021-02-01 09:31:14,R_2YR5D0NqBM37oOf,,,,,35.1313018798828125,-84.875,anonymous,EN,Yes,5fc5011a78eea208787ef509,To think about how to solve the maze and/or because they got distracted,39,,,,,,,,,,,,,,,,,,,,,,,,,,,,,,,,,,,,,,,,,,,,,,,,,,,,,,,,,,,,,,,,,,,,,,,,,,,,,,,,,,,,,,,,,,,,,,,,,,,,,,,,,,,,,,,,,,,,,,,,,,,,,
2021-02-01 09:30:49,2021-02-01 09:32:07,IP Address,47.156.142.2,100,77,True,2021-02-01 09:32:07,R_1lbEV4bFumou54O,,,,,34.0233001708984375,-117.8511962890625,anonymous,EN,Yes,60149bde2b50d9507b7b8242,"To check what time it is,Because they got frozen,To think about how to solve the maze and/or because they got distracted",,,,,,,,,,,,,,,,,,,,,,,,,,,,,,,,,,,,,,,,,,,,,,,,,,,,,,,,,,,,,,,,,,,,,,,,,,,,,,,,,,,,,,,,,,,,,,,,,,,,,,,,,,,,,,,,,,,,,,,,,,,,,,
2021-02-01 09:32:19,2021-02-01 09:32:39,IP Address,47.156.142.2,100,20,True,2021-02-01 09:32:40,R_2En7p4rgifU0C5n,,,,,34.0233001708984375,-117.8511962890625,anonymous,EN,Yes,60149bde2b50d9507b7b8242,"To check what time it is,Because they got frozen,To think about how to solve the maze and/or because they got distracted,Because they are a very cautious person",,,,,,,,,,,,,,,,,,,,,,,,,,,,,,,,,,,,,,,,,,,,,,,,,,,,,,,,,,,,,,,,,,,,,,,,,,,,,,,,,,,,,,,,,,,,,,,,,,,,,,,,,,,,,,,,,,,,,,,,,,,,,,
2021-02-01 09:12:26,2021-02-01 09:33:49,IP Address,184.57.176.245,100,1282,True,2021-02-01 09:33:49,R_28YsFkB9JTQ1G8b,,,,,39.6822967529296875,-84.15940093994140625,anonymous,EN,Yes,5eb44d0995eefd2923fcce92,To think about how to solve the maze and/or because they got distracted,100,5.97,5.97,95.061,1,0,75,19.371,39.614,41.61,8,0,20.546,23.068,25.241,2,25,10.69,14.236,15.179,4,50,11.597,12.966,13.844,2,50,10.664,10.664,11.582,1,0,10.787,10.787,11.748,1,50,21.557,21.557,22.515,1,100,35.66,38.074,38.952,2,50,8.416,11.528,12.388,2,25,12.666,12.666,13.352,1,100,11.756,11.756,12.336,1,0,44.437,46.187,47.123,2,75,38.441,38.923,39.87,3,25,9.715,10.898,11.576,3,25,13.704,16.512,17.311,3,25,12.181,15.539,16.185,2,100,11.596,11.596,12.961,1,25,13.825,13.825,14.637,1,25,9.507,11.091,11.669,2,0,13.701,13.701,14.587,1,25,11.209,13.199,14.301,2,75,12.953,12.953,13.76,1,0,12.946,12.946,13.878,1,Probably about 50/50.,I judged their distraction on where they stopped and if it was somewhere that required a decision of which direction to choose.,None,Man,34
2021-02-01 09:25:17,2021-02-01 09:36:49,IP Address,98.1.70.35,100,691,True,2021-02-01 09:36:49,R_2WMg9WLnluXA7CK,,,,,43.0930023193359375,-78.9635009765625,anonymous,EN,Yes,5f2c3bb7da92d30bdf535d97,To think about how to solve the maze and/or because they got distracted,100,8.69,79.343,81.224,6,0,50,14.984,19.057,21.261,3,0,15.158,17.751,19.372,3,50,13.898,16.222,17.409,3,100,13.697,16.465,18.197,3,0,12.223,24.176,25.561,3,50,12.516,16.117,17.739,4,100,10.979,16.915,18.3,4,100,11.283,19.1,20.683,4,0,12.054,14.559,15.665,3,50,12.126,17.664,19.056,3,100,10.787,14.438,15.775,3,0,12.374,15.372,17.989,4,0,11.378,13.551,14.78,3,0,12.066,14.866,16.313,3,0,11.603,15.999,17.51,4,0,11.77,17.382,20.268,4,31,11.397,15.653,16.921,3,0,11.884,15.746,17.42,3,0,12.583,16.325,17.819,3,0,10.548,13.14,14.698,4,0,9.19,13.212,15.036,3,79,9.821,14.523,15.769,3,0,11.599,17.788,19.393,5,I think I was right more than half the time.,Where they paused and for how long clued me in to whether they were thinking or distracted.,Cool survey.,Woman,44
2021-02-01 09:26:59,2021-02-01 09:37:19,IP Address,24.21.189.149,100,620,True,2021-02-01 09:37:20,R_soEKx7UfNUjpCUx,,,,,45.4817047119140625,-122.4156036376953125,anonymous,EN,Yes,5e523ca8df9ae92581169f1d,To think about how to solve the maze and/or because they got distracted,100,3.974,62.618,63.518,7,0,93,16.932,32.931,34.152,5,60,8.405,12.207,13.246,3,65,27.806,31.433,32.865,2,100,17.706,23.313,23.807,3,80,14.816,20.16,21.074,3,24,9.428,14.871,15.399,3,30,8.711,14.934,15.88,3,88,7.406,10.256,11.598,3,20,9.013,11.909,12.803,2,60,6.917,11.761,13.126,3,100,7.503,11.955,12.864,2,30,9.275,12.586,13.262,2,90,8.687,10.396,11.469,2,45,8.94,11.746,12.909,2,40,9.476,12.929,13.922,2,75,6.855,9.862,10.771,3,75,9.3,11.442,12.242,2,20,9.001,11.491,12.464,2,40,6.628,9.974,10.954,4,10,9.426,12.451,13.337,2,25,15.997,20.27,21.141,2,14,8.748,11.421,12.313,2,30,11.906,14.54,15.477,2,I think I got most of them right.,"How large the maze was, where they stopped, how long they stopped, how easy it was to find the route to the end",,Man,22
2021-02-01 09:31:18,2021-02-01 09:38:06,IP Address,69.221.235.86,100,407,True,2021-02-01 09:38:06,R_cCRSD3qDZoBuzUR,,,,,35.1313018798828125,-84.875,anonymous,EN,Yes,5fc5011a78eea208787ef509,To think about how to solve the maze and/or because they got distracted,100,17.952,59.769,62.374,2,0,100,14.513,14.513,16.204,1,0,7.394,7.394,11.029,1,25,8.017,8.017,11.084,1,100,6.133,6.133,10.956,1,0,4.56,4.56,13.166,1,0,10.581,10.581,11.225,1,17,8.376,8.376,10.784,1,100,8.541,8.541,10.808,1,23,6.783,8.448,10.874,2,15,9.574,9.574,10.795,1,80,5.746,5.746,10.677,1,0,5.657,6.747,7.497,2,27,8.131,9.535,10.693,4,34,2.416,8.471,10.584,2,0,5.61,5.61,10.71,1,14,9.615,9.615,11.318,1,100,8.72,8.72,10.641,1,35,7.797,7.797,10.729,1,0,6.584,6.584,10.578,1,0,7.243,11.642,11.957,3,0,5.419,5.419,10.608,1,82,10.636,10.636,11.266,1,0,6.501,6.501,10.452,1,I think I was right 60% of the time.,"If they were close to a split where they had to make a decision, they were probably thinking.",,Man,21
2021-02-01 09:26:54,2021-02-01 09:38:27,IP Address,69.125.227.61,100,692,True,2021-02-01 09:38:27,R_ePQtE4a7cy0ew0x,,,,,41.0287017822265625,-74.6428985595703125,anonymous,EN,Yes,5ffe6b8b773ec452c1d28adc,To think about how to solve the maze and/or because they got distracted,100,2.483,75.526,76.312,9,0,70,1.572,15.824,17.8,3,0,8.226,13.035,13.809,2,0,1.244,13.788,14.617,4,20,9.458,12.478,13.34,2,10,11.3,28.827,29.286,5,15,9.837,13.27,13.896,2,40,8.939,11.127,11.722,2,75,9.74,13.008,13.595,2,0,10.146,11.535,12.124,2,30,8.293,12.485,12.932,3,85,15.288,18.944,20.176,2,10,16.892,20.136,20.688,2,90,18.546,21.407,21.9,3,80,8.901,11.788,12.252,3,20,8.722,10.194,10.958,2,0,9.683,13.074,13.546,3,65,8.483,12.171,12.578,3,85,8.702,10.633,11.165,2,10,22.984,28.362,28.873,4,75,8.558,10.655,11.148,2,68,8.431,12.038,12.577,3,70,8.731,13.307,13.893,3,80,7.389,10.983,11.399,3,I think I was within an acceptable range between thinking and distraction on 70% of my answers.,"I looked at where the person stopped, how close they were to finishing when they stopped, and if they started moving towards the end, or bottom right, after the pause. These factors helped me decide whether the person was distracted or thinking in addition to the use of logic.","No, thank you.",Man,36
2021-02-01 09:25:38,2021-02-01 09:39:17,IP Address,76.104.66.196,100,818,True,2021-02-01 09:39:17,R_3PGBxWPvkwQLTvt,,,,,37.55029296875,-77.39420318603515625,anonymous,EN,Yes,5da689dc1ce19b0016500435,To think about how to solve the maze and/or because they got distracted,100,34.976,34.976,61.978,1,0,100,8.808,8.808,12.596,1,0,8.42,8.42,11.123,1,40,10.846,10.846,11.608,1,96,7.014,14.72,15.399,2,81,8.169,9.157,10.913,2,0,8.907,8.907,37.497,1,17,7.523,7.523,10.963,1,100,12.473,12.473,13.142,1,0,12.915,13.247,15.576,2,0,9.187,9.759,10.74,3,64,10.073,10.073,10.834,1,0,41.117,41.862,44.176,3,86,8.937,9.5,11.648,2,0,7.128,8.048,17.637,3,0,16.472,16.472,17.367,1,5,16.644,16.644,25.31,1,83,9.431,9.431,10.715,1,5,12.864,14.098,14.749,4,4,7.49,9.231,10.682,2,0,7.92,7.92,10.52,1,0,57.017,57.648,58.693,2,97,6.621,6.621,10.684,1,0,7.169,11.185,11.693,3,I think I did pretty well!,I determined how long it would take them to consider their next path based on where they were in the maze,,Woman,27
2021-02-01 09:27:27,2021-02-01 09:40:47,IP Address,71.231.36.187,100,800,True,2021-02-01 09:40:47,R_2Tq6HJ1TY4AnLcZ,,,,,48.7494049072265625,-122.48960113525390625,anonymous,EN,Yes,5befb1ba2d0a5e0001b3ada3,To think about how to solve the maze and/or because they got distracted,100,1.57,72.402,75.957,5,0,10,13.987,13.987,14.802,1,0,22.328,25.895,26.79,2,10,12.486,12.486,12.901,1,100,15.338,36.402,37.079,3,20,18.682,30.805,31.719,2,0,16.418,22.332,23.489,2,0,7.006,36.28,37.086,3,100,18.65,28.909,29.612,2,0,8.327,12.658,14.175,3,15,9.967,11.021,11.319,2,100,8.191,8.191,10.742,1,0,37.406,64.021,64.729,4,100,25.386,27.462,28.103,2,15,11.284,11.284,12.038,1,0,16.64,26.828,27.645,2,27,22.724,28.259,28.984,2,100,96.494,96.494,97.694,1,100,7.184,7.184,10.851,1,100,13.621,13.621,14.319,1,22,8.375,8.375,11.043,1,0,12.618,13.742,14.307,2,100,10.251,10.902,11.863,2,100,8.763,8.763,10.965,1,80% of the time,if the pause was at a junction that didn't obviously lead to the exit,,Man,32
2021-02-01 09:28:29,2021-02-01 09:42:10,IP Address,75.139.87.39,100,821,True,2021-02-01 09:42:10,R_2WUqMXpI8slsgVg,,,,,34.9333953857421875,-81.968902587890625,anonymous,EN,Yes,5f4172b62cd45930d478e9e4,To think about how to solve the maze and/or because they got distracted,100,72.961,72.961,75.565,1,0,91,13.655,13.655,16.552,1,27,18.726,18.726,20.28,1,51,19.886,19.886,21.092,1,97,21.45,21.45,24.48,1,51,15.496,15.496,18.603,1,10,13.126,13.126,15.54,1,13,26.967,26.967,31.087,1,93,18.432,18.432,21.975,1,6,17.502,17.502,20.5,1,84,14.514,14.514,15.598,1,100,16.161,16.161,19.195,1,13,19.276,19.895,21.418,2,99,12.677,12.677,15.051,1,16,16.562,16.562,21.782,1,31,19.849,19.849,22.393,1,33,14.456,15.672,19.237,2,90,12.381,14.2,16.375,2,88,13.563,18.34,19.356,4,13,14.976,14.976,16.32,1,12,14.387,14.387,16.017,1,27,18.215,18.215,21.106,1,84,13.869,13.869,16.549,1,10,15.42,16.663,17.884,2,average,if i thought they were tracing there next move vs stopping when the option was clear,fun,Man,32
2021-02-01 09:30:27,2021-02-01 09:42:38,IP Address,104.54.74.27,100,730,True,2021-02-01 09:42:38,R_3Ibr8g64GfiK6uf,,,,,36.0229034423828125,-78.94640350341796875,anonymous,EN,Yes,5f345490d929cc1a6e927496,To think about how to solve the maze and/or because they got distracted,100,30.951,30.951,73.258,1,0,100,17.463,17.463,18.594,1,60,18.937,18.937,22.413,1,0,17.973,17.973,19.122,1,100,13.56,13.56,16.844,1,100,46.666,46.666,47.9,1,25,16.538,17.835,18.517,2,80,14.071,14.071,15.111,1,75,13.071,15.035,15.455,3,0,10.538,10.538,11.699,1,25,11.361,11.361,13.521,1,85,16.3,16.3,17.198,1,40,13.311,13.311,14.998,1,15,10.494,10.494,11.322,1,0,10.949,12.372,13.893,2,0,10.07,10.07,12.636,1,75,8.893,8.893,10.849,1,0,11.478,13.568,15.195,2,75,83.316,83.316,84.567,1,0,12.138,12.138,13.725,1,0,10.238,10.238,11.401,1,40,14.135,14.135,16.725,1,50,15.654,17.479,21.8,2,100,10.207,10.207,11.184,1,"I was just guessing the majority of the time, so I would say I was right about half the time",Based on how long the pause was compared to how easy the maze was,,Woman,18
2021-02-01 09:22:34,2021-02-01 09:42:38,IP Address,74.71.115.98,100,1203,True,2021-02-01 09:42:38,R_3s5fpmr4GMAqnoz,,,,,40.7808990478515625,-73.95020294189453125,anonymous,EN,Yes,5f60d39b4e8a86050914438d,To think about how to solve the maze and/or because they got distracted,100,131.706,131.706,143.384,1,0,100,24.661,28.836,29.182,3,5,4.927,19.102,19.95,2,0,9.068,23.766,24.87,2,100,18.714,21.178,21.859,2,20,20.205,20.205,20.969,1,0,29.35,29.35,30.134,1,0,25.975,25.975,26.571,1,100,18.179,18.179,19.231,1,0,14.805,23.908,25.134,2,0,19.701,19.701,20.697,1,100,52.232,52.232,53.295,1,0,13.427,13.427,16.627,1,80,19.79,19.79,21.454,1,100,13.288,13.288,16.274,1,100,21.416,21.416,24.824,1,90,20.277,21.173,21.538,2,0,22.351,23.95,24.251,3,100,38.43,38.43,39.035,1,100,26.046,34.879,35.647,2,0,29.822,29.822,30.952,1,80,42.472,44.349,44.879,2,20,12.4,12.4,13.125,1,100,15.155,15.571,15.889,2,I think I am 95% right there.,"I saw the maze and got it through common sense. ","It was interesting a lot. Gave me a lot pleasure. Thanks. ",Man,40
2021-02-01 09:32:46,2021-02-01 09:42:49,IP Address,47.156.142.2,100,602,True,2021-02-01 09:42:49,R_1KxMQlhkrQML11J,,,,,34.0233001708984375,-117.8511962890625,anonymous,EN,Yes,60149bde2b50d9507b7b8242,To think about how to solve the maze and/or because they got distracted,100,71.456,71.456,73.527,1,0,100,15.014,15.014,17.918,1,0,14.625,14.625,16.483,1,0,22.286,22.286,24.501,1,100,16.028,16.028,19.05,1,0,13.981,13.981,16.113,1,0,15.648,15.648,17.04,1,0,13.643,15.383,16.49,2,0,13.607,13.607,15.995,1,0,14.993,14.993,16.559,1,50,12.258,12.258,14.545,1,50,15.181,15.181,16.684,1,0,12.265,12.265,13.416,1,50,13.402,13.402,15.172,1,0,14.092,14.092,15.588,1,0,12.274,12.274,13.893,1,0,12.178,12.178,13.22,1,100,12.699,12.699,14.683,1,50,12.046,12.046,13.657,1,0,11.652,11.652,13.759,1,0,14.674,14.674,22.75,1,50,16.78,16.78,18.757,1,100,13.37,13.37,14.501,1,0,9.835,9.835,11.354,1,I feel like I was right more than half the time,I see whether they person was presented with two different paths in the maze,,Woman,19
2021-02-01 09:29:26,2021-02-01 09:47:01,IP Address,73.110.46.89,100,1055,True,2021-02-01 09:47:02,R_1WWZfadxA5okf1T,,,,,41.97039794921875,-87.7035980224609375,anonymous,EN,Yes,5f6cde418d7ea80f7e5e6939,To think about how to solve the maze and/or because they got distracted,100,83.331,83.331,84.92,1,0,93,45.965,47.562,50.181,2,14,12.803,12.803,14.293,1,8,10.437,10.437,12.122,1,81,105.727,105.727,106.765,1,14,25.066,25.066,26.305,1,2,10.339,10.339,11.353,1,0,85.608,85.608,87.246,1,100,8.525,9.361,10.809,2,3,9.992,9.992,11.821,1,72,47.681,47.681,48.763,1,36,11.556,11.556,13.327,1,10,16.338,16.338,17.779,1,3,25.843,25.843,26.773,1,5,11.503,11.503,12.869,1,6,31.189,31.189,33.24,1,97,9.548,9.548,10.978,1,82,2.945,11.016,12.094,2,1,19.947,19.947,21.078,1,1,35.667,35.667,38.136,1,7,7.563,8.358,11.142,2,0,15.014,15.014,17.476,1,100,23.31,24.335,26.011,2,5,60.715,60.715,62.123,1,I think I was right fairly often.,"If they paused at an intersection, I listed them as thinking. if they paused when there was no choice to be made I listed them as more distracted.",,Man,27
2021-02-01 09:52:36,2021-02-01 09:53:27,IP Address,104.50.11.78,100,50,True,2021-02-01 09:53:27,R_01Di5O9pMtPx4m5,,,,,39.248992919921875,-94.4232025146484375,anonymous,EN,Yes,5ff94e71c59814230b0fb713,"To check what time it is,Because they got frozen,To think about how to solve the maze and/or because they got distracted,Because they are a very cautious person",,,,,,,,,,,,,,,,,,,,,,,,,,,,,,,,,,,,,,,,,,,,,,,,,,,,,,,,,,,,,,,,,,,,,,,,,,,,,,,,,,,,,,,,,,,,,,,,,,,,,,,,,,,,,,,,,,,,,,,,,,,,,,
2021-02-01 09:52:58,2021-02-01 09:54:38,IP Address,73.82.138.252,100,100,True,2021-02-01 09:54:39,R_1mO7VmQnKJVVuPk,,,,,33.93719482421875,-84.0791015625,anonymous,EN,Yes,5b824fb6cc06660001a302d4,To think about how to solve the maze and/or because they got distracted,50,,,,,,,,,,,,,,,,,,,,,,,,,,,,,,,,,,,,,,,,,,,,,,,,,,,,,,,,,,,,,,,,,,,,,,,,,,,,,,,,,,,,,,,,,,,,,,,,,,,,,,,,,,,,,,,,,,,,,,,,,,,,,
2021-02-01 10:00:30,2021-02-01 10:01:22,IP Address,75.132.176.211,100,52,True,2021-02-01 10:01:22,R_2V2sRDQkKL0kwxc,,,,,38.5316925048828125,-89.99880218505859375,anonymous,EN,Yes,5d88db42c1d06e001a1fdcab,"Because they got frozen,To think about how to solve the maze and/or because they got distracted,Because they are a very cautious person",,,,,,,,,,,,,,,,,,,,,,,,,,,,,,,,,,,,,,,,,,,,,,,,,,,,,,,,,,,,,,,,,,,,,,,,,,,,,,,,,,,,,,,,,,,,,,,,,,,,,,,,,,,,,,,,,,,,,,,,,,,,,,
2021-02-01 09:53:10,2021-02-01 10:01:37,IP Address,76.80.31.253,100,506,True,2021-02-01 10:01:37,R_3Reg0giANc0hZJJ,,,,,33.95550537109375,-118.2863006591796875,anonymous,EN,Yes,5fca97a4b105427256733533,To think about how to solve the maze and/or because they got distracted,100,27.169,61.055,62.157,3,0,100,10.617,10.617,12.197,1,75,9.349,9.349,10.745,1,51,8.735,8.735,11.059,1,100,10.379,10.379,11.55,1,92,8.741,11.925,12.633,2,0,9.225,9.225,10.749,1,31,12.049,13.288,13.733,2,100,8.335,8.335,10.81,1,75,8.716,8.716,11.112,1,11,8.136,8.136,11.028,1,100,12.665,12.665,13.493,1,26,7.384,7.384,8.035,1,100,9.291,14.379,16.303,7,0,10.527,10.527,11.523,1,0,6.811,6.811,10.389,1,0,8.411,8.411,11.071,1,88,13.286,13.286,14.313,1,70,7.431,7.431,11.507,1,21,25.644,25.644,26.577,1,5,6.155,6.155,10.983,1,85,22.176,22.176,23.004,1,75,7.972,7.972,25.96,1,0,9.59,9.59,10.747,1,about 90% correct,base on the path he is taking,,Man,40
2021-02-01 09:53:56,2021-02-01 10:02:58,IP Address,68.226.7.130,100,542,True,2021-02-01 10:02:59,R_1EY9CNFwVEdN5rp,,,,,29.6824951171875,-82.36060333251953125,anonymous,EN,Yes,5b2489070ec82d0001d1dbb2,To think about how to solve the maze and/or because they got distracted,100,79.967,79.967,81.222,1,0,100,16.345,16.345,18.052,1,0,11.832,11.832,13.728,1,8,9.201,9.201,11.193,1,100,11.058,11.058,12.135,1,100,9.957,9.957,11.273,1,0,9.625,9.625,11.342,1,62,10.676,10.676,11.833,1,100,8.399,8.399,11.157,1,73,9.657,9.657,10.927,1,100,9.701,9.701,10.886,1,100,11.347,11.347,12.837,1,0,11.562,11.562,12.819,1,100,10.67,10.67,11.718,1,9,10.186,11.283,12.955,2,0,11.039,11.039,12.105,1,91,10.133,10.133,11.335,1,100,11.154,11.154,13.394,1,8,10.275,10.275,13.55,1,100,9.953,9.953,11.077,1,52,13.371,13.371,14.558,1,0,21.863,21.863,23.041,1,100,12.165,12.165,13.474,1,100,27.07,27.07,28.241,1,60 percent of the time,based on whether there was a decision at the pause,,Woman,42
2021-02-01 09:53:22,2021-02-01 10:03:44,IP Address,72.207.225.34,100,622,True,2021-02-01 10:03:45,R_24criS70P8J79xg,,,,,30.3607940673828125,-91.09169769287109375,anonymous,EN,Yes,5d4459c166881d001c4d5451,To think about how to solve the maze and/or because they got distracted,100,33.599,60.923,62.525,4,0,100,18.932,18.932,19.699,1,0,9.565,9.565,10.881,1,0,10.373,10.373,12.408,1,0,8.559,8.559,11.119,1,100,8.762,9.409,10.692,2,0,8.116,8.116,10.605,1,0,10.386,10.386,11.434,1,100,9.994,9.994,11.043,1,0,199.401,199.401,200.286,1,100,7.06,7.06,11.015,1,0,9.071,9.626,10.688,2,0,28.017,28.017,28.712,1,100,8.803,8.803,10.556,1,100,9.146,9.146,10.647,1,0,8.903,10.074,11.127,2,0,8.037,8.037,10.709,1,100,7.535,7.535,10.852,1,100,8.835,8.835,10.615,1,0,10.395,10.395,11.523,1,0,9.656,9.656,10.607,1,0,7.736,7.736,11.039,1,82,8.139,10.688,11.145,2,0,7.197,7.197,11.083,1,75%,"If it was a junction generally was thinking. ",,Man,52
2021-02-01 09:55:10,2021-02-01 10:09:22,IP Address,66.169.91.195,100,851,True,2021-02-01 10:09:23,R_SMDXO7fEMLPIsp3,,,,,35.539703369140625,-82.51509857177734375,anonymous,EN,Yes,5f71eef2e138fe08fba1d131,"To check what time it is,To think about how to solve the maze and/or because they got distracted,Because they are a very cautious person",,,,,,,,,,,,,,,,,,,,,,,,,,,,,,,,,,,,,,,,,,,,,,,,,,,,,,,,,,,,,,,,,,,,,,,,,,,,,,,,,,,,,,,,,,,,,,,,,,,,,,,,,,,,,,,,,,,,,,,,,,,,,,
2021-02-01 10:01:49,2021-02-01 10:10:15,IP Address,71.199.112.231,100,506,True,2021-02-01 10:10:16,R_8ctO1S83ytUWzbH,,,,,39.45269775390625,-78.89260101318359375,anonymous,EN,Yes,5ecd1abd0c7d0703501a618f,To think about how to solve the maze and/or because they got distracted,100,62.762,62.762,63.924,1,0,50,15.767,15.767,16.73,1,0,12.918,12.918,13.673,1,0,13.968,13.968,14.639,1,100,12.346,12.346,12.975,1,0,9.919,12.448,13.596,2,0,17.6,17.6,19.235,1,5,11.684,13.567,14.812,2,100,11.875,11.875,13.435,1,100,15.801,15.801,17.495,1,90,15.03,15.03,15.784,1,100,12.389,13.901,14.957,2,10,10.161,11.742,13.024,2,50,11.572,11.572,12.954,1,0,16.613,16.613,17.75,1,0,11.241,11.241,12.542,1,75,11.419,11.419,12.732,1,51,13.034,13.034,13.933,1,100,8.945,8.945,11.287,1,0,8.379,8.379,11.165,1,75,11.749,11.749,13.182,1,100,8.97,10.284,11.485,2,0,8.413,11.039,11.667,2,100,10.232,10.232,11.699,1,60% correct,I looked at the position of the slider in the maze to try to guess whether the person was trying to decide between multiple directional options.,,Woman,41
2021-02-01 10:12:36,2021-02-01 10:15:47,IP Address,8.46.123.57,100,190,True,2021-02-01 10:15:47,R_1meBcX91KFOze7H,,,,,40.7126007080078125,-74.00659942626953125,anonymous,EN,Yes,5f87e396bea4ed2252321e1d,To think about how to solve the maze and/or because they got distracted,54,,,,,,,,,,,,,,,,,,,,,,,,,,,,,,,,,,,,,,,,,,,,,,,,,,,,,,,,,,,,,,,,,,,,,,,,,,,,,,,,,,,,,,,,,,,,,,,,,,,,,,,,,,,,,,,,,,,,,,,,,,,,,
2021-02-01 10:18:24,2021-02-01 10:20:40,IP Address,73.224.212.236,100,135,True,2021-02-01 10:20:40,R_2D1DubzCLD9nwEl,,,,,29.666900634765625,-81.65789794921875,anonymous,EN,Yes,5ca3d57fa29412001687031e,To think about how to solve the maze and/or because they got distracted,50,,,,,,,,,,,,,,,,,,,,,,,,,,,,,,,,,,,,,,,,,,,,,,,,,,,,,,,,,,,,,,,,,,,,,,,,,,,,,,,,,,,,,,,,,,,,,,,,,,,,,,,,,,,,,,,,,,,,,,,,,,,,,
2021-02-01 10:15:16,2021-02-01 10:22:38,IP Address,24.46.104.127,100,441,True,2021-02-01 10:22:38,R_Ac9L3sH73YaJlBL,,,,,40.5175018310546875,-74.39910125732421875,anonymous,EN,Yes,5f39c9babf015058a8ff7aa4,To think about how to solve the maze and/or because they got distracted,100,31.676,62.267,62.568,3,0,0,9.976,9.976,11.074,1,0,10.159,10.159,11.35,1,0,7.843,7.843,10.837,1,0,9.867,9.867,13.113,1,0,11.568,12.35,13.022,2,0,10.194,10.194,11.002,1,0,9.223,9.223,10.656,1,100,9.108,9.108,10.681,1,0,8.559,8.559,10.74,1,100,10.05,10.05,10.981,1,100,10.408,10.408,10.894,1,0,7.91,7.91,8.673,1,100,8.626,8.626,10.998,1,0,5.223,5.223,10.689,1,0,12.243,13.815,14.718,2,0,8.418,8.418,11.875,1,100,14.604,14.604,15.36,1,0,18.63,18.63,19.255,1,0,9.565,9.565,10.678,1,0,10.037,10.037,11.194,1,0,7.214,7.994,10.799,2,100,4.764,4.764,11.658,1,0,6.64,6.64,10.599,1,I think I did pretty well.,Whether or not they stopped at an intersection and how complicated the maze was.,N/A,Woman,24
2021-02-01 10:21:28,2021-02-01 10:22:59,IP Address,66.169.99.242,100,90,True,2021-02-01 10:22:59,R_u2eCU1rRtjNhBZL,,,,,32.744598388671875,-97.3842010498046875,anonymous,EN,Yes,5d73b97a40e4bc00019e1db8,"To check what time it is,Because they got frozen,To think about how to solve the maze and/or because they got distracted,Because they are a very cautious person",,,,,,,,,,,,,,,,,,,,,,,,,,,,,,,,,,,,,,,,,,,,,,,,,,,,,,,,,,,,,,,,,,,,,,,,,,,,,,,,,,,,,,,,,,,,,,,,,,,,,,,,,,,,,,,,,,,,,,,,,,,,,,
2021-02-01 10:15:56,2021-02-01 10:33:51,IP Address,8.46.123.57,100,1074,True,2021-02-01 10:33:51,R_3kLHNbaxA6U3qxB,,,,,40.7126007080078125,-74.00659942626953125,anonymous,EN,Yes,5f87e396bea4ed2252321e1d,To think about how to solve the maze and/or because they got distracted,100,16.184,93.868,95.88,3,0,3,120.669,225.676,227.317,4,97,12.574,14.578,16.183,2,61,12.209,14.628,15.708,2,94,20.083,24.713,26.344,3,7,13.654,15.247,16.423,2,3,14.926,18.036,19.908,2,98,24.9,27.208,28.806,3,100,8.084,22.021,23.818,4,100,18.79,23.645,25.03,3,11,2.131,20.68,21.919,4,94,18.951,23.153,24.9,2,52,13.684,16.985,18.371,3,100,19.818,35.076,37.213,3,96,15.069,20.301,22.07,3,92,14.681,16.145,17.406,2,93,20.623,21.923,23.137,2,63,8.963,13.038,14.218,3,90,4.144,16.936,17.955,3,52,14.288,16.095,17.432,2,0,19.861,21.706,23.032,2,99,14.759,15.77,16.927,2,6,25.867,28.159,30.684,3,3,8.344,15.438,17.273,2,Very often,Delay in pause,NO,Man,40
2021-02-01 10:59:34,2021-02-01 11:11:15,IP Address,73.34.23.90,100,700,True,2021-02-01 11:11:15,R_2xDD4SBi7kPXrJ3,,,,,39.371002197265625,-104.85900115966796875,anonymous,EN,Yes,5e975c32ca82b62079dc8f7c,To think about how to solve the maze and/or because they got distracted,100,129.172,129.172,132.602,1,0,63,4.787,14.134,15.727,3,24,11.492,11.492,12.536,1,61,1.735,12.195,12.666,5,37,3.454,11.944,13.255,2,39,10.127,13.024,13.862,2,21,10.963,10.963,12.059,1,65,10.692,10.692,11.49,1,59,10.218,10.734,11.675,2,19,10.131,10.131,10.819,1,60,2.442,11.998,12.438,4,43,2.984,11.459,12.255,2,10,1.874,10.381,11.513,2,64,2.029,8.237,11.208,2,6,1.369,10.459,11.374,2,2,8.964,8.964,10.697,1,3,2.23,11.582,12.046,5,77,10.477,11.8,12.324,2,10,3.542,11.869,12.717,2,25,2.021,9.717,11.258,2,9,2.617,9.6,11.6,2,15,10.082,11.038,11.447,2,74,1.642,10.585,11.589,2,10,37.287,37.287,37.957,1,I think I was right about 60% of the time,"If the person stoped at the intersection of two choices, I was more likely to think they paused to think. If the person was paused where there wasn't a decision to be made, I think they were more likely to be paused due to distraction.",All the videos loaded correctly for me,Woman,34
2021-02-01 11:31:52,2021-02-01 11:34:01,IP Address,69.126.247.114,100,129,True,2021-02-01 11:34:02,R_3CPohHv3thadZEL,,,,,40.8240966796875,-73.89769744873046875,anonymous,EN,Yes,5e2bf2153a9311222d4892c6,"To think about how to solve the maze and/or because they got distracted,Because they are a very cautious person",,,,,,,,,,,,,,,,,,,,,,,,,,,,,,,,,,,,,,,,,,,,,,,,,,,,,,,,,,,,,,,,,,,,,,,,,,,,,,,,,,,,,,,,,,,,,,,,,,,,,,,,,,,,,,,,,,,,,,,,,,,,,,
2021-02-01 11:34:12,2021-02-01 12:07:23,IP Address,69.126.247.114,100,1990,True,2021-02-01 12:07:24,R_oYQglakGIXhijRL,,,,,40.8343048095703125,-73.92350006103515625,anonymous,EN,Yes,5e2bf2153a9311222d4892c6,To think about how to solve the maze and/or because they got distracted,100,2.819,137.566,139.667,2,0,0,29.651,29.651,31.602,1,0,169.021,242.46,244.284,2,72,46.508,49.351,50.203,2,0,9.108,11.074,12.826,3,30,25.834,26.934,28.353,2,0,10.093,10.093,11.538,1,76,15.401,15.401,16.827,1,55,9.822,13.093,14.565,5,0,24.892,24.892,26.599,1,0,16.983,16.983,18.646,1,65,463.759,463.759,464.829,1,25,11.539,13.785,14.303,3,51,18.915,18.915,20.256,1,58,8.355,8.984,10.876,2,0,9.677,9.677,11.32,1,0,18.804,19.325,20.282,2,0,9.763,9.763,11.039,1,11,13.71,13.71,14.865,1,30,25.736,25.736,26.991,1,0,11.711,11.711,13.181,1,9,15.471,15.471,16.451,1,51,9.458,10.259,16.294,2,0,12.359,12.359,13.925,1,I think I did great,I based it on the time it took them where to go as well is the different possible directions to go?,,Man,20
